#
# A fatal error has been detected by the Java Runtime core.managment.Environment:
#
#  EXCEPTION_UNCAUGHT_CXX_EXCEPTION (0xe06d7363) at pc=0x00007ff846ee064c, pid=12712, tid=16128
#
# JRE version: OpenJDK Runtime core.managment.Environment Microsoft-13106404 (21.0.10+7) (build 21.0.10+7-LTS)
# Java VM: OpenJDK 64-Bit Server VM Microsoft-13106404 (21.0.10+7-LTS, mixed mode, sharing, tiered, compressed oops, compressed class ptrs, g1 gc, windows-amd64)
# Problematic frame:
# C  [KERNELBASE.dll+0x6064c]
#
# No core dump will be written. Minidumps are not enabled by default on client versions of Windows
#
# If you would like to submit a bug report, please visit:
#   https://github.com/microsoft/openjdk/issues
# The crash happened outside the Java Virtual Machine in native code.
# See problematic frame for where to report the bug.
#

---------------  S U M M A R Y ------------

Command Line: -javaagent:C:\Users\ep4039855\OneDrive - cpsb.org\Documents\ideaIC-2024.3.5.win\lib\idea_rt.jar=56432 -Dfile.encoding=UTF-8 -Dsun.stdout.encoding=UTF-8 -Dsun.stderr.encoding=UTF-8 Main

Host: 11th Gen Intel(R) Core(TM) i3-1125G4 @ 2.00GHz, 8 cores, 7G,  Windows 11 , 64 bit Build 22621 (10.0.22621.6491)
Time: Fri Apr 10 03:14:33 2026 Central Daylight Time elapsed time: 190.568544 seconds (0d 0h 3m 10s)

---------------  T H R E A D  ---------------

Current thread (0x000001baa733e280):  JavaThread "main"             [_thread_in_native, id=16128, stack(0x000000b35a500000,0x000000b35a600000) (1024K)]

core.util.Stack: [0x000000b35a500000,0x000000b35a600000],  sp=0x000000b35a5fec80,  free space=1019k
Native frames: (J=compiled Java code, j=interpreted, Vv=VM code, C=native code)
C  [KERNELBASE.dll+0x6064c]  (no source info available)
C  [igxelpicd64.dll+0xa29207]  (no source info available)

Java frames: (J=compiled Java code, j=interpreted, Vv=VM code)
J 770  org.lwjgl.opengl.GL15C.glBindBuffer(II)V (0 bytes) @ 0x000001bab761d19c [0x000001bab761d140+0x000000000000005c]
J 841% c2 Main.main([Ljava/lang/String;)V (118 bytes) @ 0x000001bab7627634 [0x000001bab76274e0+0x0000000000000154]
v  ~StubRoutines::call_stub 0x000001bab70410e7

siginfo: EXCEPTION_UNCAUGHT_CXX_EXCEPTION (0xe06d7363), ExceptionInformation=0x0000000019930520 0x000000b35a5fede0 0x00007fffc4afb530 0x00007fffc37d0000 


Registers:
RAX=0x000000b35a5fe000, RBX=0x00007fffc4afb530, RCX=0x000000b35a5fe0d0, RDX=0x00007fffc4223324
RSP=0x000000b35a5fec80, RBP=0x0000000000000200, RSI=0x000000b35a5fede0, RDI=0x0000000019930520
R8 =0x00007fffc41f667f, R9 =0x00007fffffffffff, R10=0x0000f00000000000, R11=0x000001bf08083db0
R12=0x0000000000000000, R13=0x000001bb064080c9, R14=0x000000b35a5fefc8, R15=0x000000b35a5fefd0
RIP=0x00007ff846ee064c, EFLAGS=0x0000000000000206

XMM[0]=0x000001ec000001e6 0x0000000000000000
XMM[1]=0x000000b35a5fe5f0 0x0000000000000001
XMM[2]=0x0000000000010081 0x0000000000000000
XMM[3]=0x0000000000000000 0x0000000000000000
XMM[4]=0x0000000000000000 0x0000000000000000
XMM[5]=0x0000000000000000 0x0000000000000000
XMM[6]=0x0000000000000000 0x459176a550a84614
XMM[7]=0x0000000000000000 0xb76c25747845117f
XMM[8]=0x0000000000000000 0x0b3c73a1e1caaeca
XMM[9]=0x0000000000000000 0x483b58ad081b993f
XMM[10]=0x0000000000000000 0x00000000bfe04092
XMM[11]=0x0000000000000000 0xae5eba6db67a53ac
XMM[12]=0x0000000000000000 0x00000000081b993f
XMM[13]=0x0000000000000000 0x0000000000000000
XMM[14]=0x0000000000000000 0x0000000000000000
XMM[15]=0x0000000000000000 0x0000000000000000
  MXCSR=0x00001fa0


Register to memory mapping:

RAX=0x000000b35a5fe000 is pointing into the stack for thread: 0x000001baa733e280
RBX=0x00007fffc4afb530 igxelpicd64.dll
RCX=0x000000b35a5fe0d0 is pointing into the stack for thread: 0x000001baa733e280
RDX=0x00007fffc4223324 igxelpicd64.dll
RSP=0x000000b35a5fec80 is pointing into the stack for thread: 0x000001baa733e280
RBP=0x0000000000000200 is an unknown value
RSI=0x000000b35a5fede0 is pointing into the stack for thread: 0x000001baa733e280
RDI=0x0000000019930520 is an unknown value
R8 =0x00007fffc41f667f igxelpicd64.dll
R9 =0x00007fffffffffff is an unknown value
R10=0x0000f00000000000 is an unknown value
R11=0x000001bf08083db0 points into unknown readable memory: 0x000001bb0a2b8d60 | 60 8d 2b 0a bb 01 00 00
R12=0x0 is null
R13=0x000001bb064080c9 is pointing into metadata
R14=0x000000b35a5fefc8 is pointing into the stack for thread: 0x000001baa733e280
R15=0x000000b35a5fefd0 is pointing into the stack for thread: 0x000001baa733e280

Top of core.util.Stack: (sp=0x000000b35a5fec80)
0x000000b35a5fec80:   000001baa5700cc0 00007fffc4afb530
0x000000b35a5fec90:   000000b35a5fede0 0000000000001027
0x000000b35a5feca0:   00000081e06d7363 0000000000000000
0x000000b35a5fecb0:   00007ff846ee064c 0000000000000004
0x000000b35a5fecc0:   0000000019930520 000000b35a5fede0
0x000000b35a5fecd0:   00007fffc4afb530 00007fffc37d0000
0x000000b35a5fece0:   000001ba00000000 0000000000000002
0x000000b35a5fecf0:   0000000000000000 00007fffc4afb530
0x000000b35a5fed00:   000000b35a5fefc8 00007ff8499c6caf
0x000000b35a5fed10:   000000b35a5fed80 00007fffc4c4b000
0x000000b35a5fed20:   000000b35a5fede0 0000000019930520
0x000000b35a5fed30:   00007fffc4c4b000 00007fffc37d0000
0x000000b35a5fed40:   0000a6e3f1cc8d5c 0000000000000090
0x000000b35a5fed50:   00007fffc4afb530 00007fffc41f9207
0x000000b35a5fed60:   0000000000000008 00007fffc4222f1a
0x000000b35a5fed70:   0000000000000008 000001bb0a053c90
0x000000b35a5fed80:   00007fffc37d0000 0000000019930520
0x000000b35a5fed90:   000000b35a5fede0 00007fffc4afb530
0x000000b35a5feda0:   00007fffc37d0000 00007fffc421fd6e
0x000000b35a5fedb0:   000001bf0a032090 00007fffc41d0eef
0x000000b35a5fedc0:   0000000000000000 000001bf0a0320a8
0x000000b35a5fedd0:   0000000000001027 000001bf0a0320a8
0x000000b35a5fede0:   00007fffc47801c8 00007fffc48141d8
0x000000b35a5fedf0:   0000000000000000 000000b35a5f0000
0x000000b35a5fee00:   000001bf0a032090 00007fffc41f6695
0x000000b35a5fee10:   0000000000001027 000001bf0a0320a8
0x000000b35a5fee20:   0000000000000010 00007fffc4223324
0x000000b35a5fee30:   000001bf030d4500 00007fffc45dfffd
0x000000b35a5fee40:   000001bf0a032090 0000000000000000
0x000000b35a5fee50:   0000000000000080 00007fffc41f667f
0x000000b35a5fee60:   0000000000000000 00007fffc37ec936
0x000000b35a5fee70:   000001baa5820000 0000000000000000 

Instructions: (pc=0x00007ff846ee064c)
0x00007ff846ee054c:   ff 4c 8d 05 fc 98 2e 00 33 d2 b9 00 00 10 00 e8
0x00007ff846ee055c:   b0 37 fe ff 4c 8b f0 48 89 44 24 58 48 85 c0 0f
0x00007ff846ee056c:   84 0b fe ff ff 4c 8d 05 20 99 2e 00 33 d2 8d 4a
0x00007ff846ee057c:   02 e8 8e 37 fe ff 48 8b f8 48 89 44 24 50 e9 ed
0x00007ff846ee058c:   fd ff ff 45 33 c0 49 8b d7 48 83 c9 ff e8 c2 a5
0x00007ff846ee059c:   01 00 e9 08 ff ff ff 48 8b 0d 6e 78 31 00 e8 11
0x00007ff846ee05ac:   b9 fd ff 48 8b cf e8 a9 8d fc ff e9 f8 fe ff ff
0x00007ff846ee05bc:   49 8b ce e8 9c 8d fc ff e9 f4 fe ff ff 48 8b ce
0x00007ff846ee05cc:   e8 8f 8d fc ff e9 f0 fe ff ff cc cc 71 18 d3 7a
0x00007ff846ee05dc:   1a 87 89 f9 48 81 ec d8 00 00 00 48 8b 05 02 4a
0x00007ff846ee05ec:   31 00 48 33 c4 48 89 84 24 c0 00 00 00 48 83 64
0x00007ff846ee05fc:   24 28 00 48 8d 05 da ff ff ff 83 e2 01 89 4c 24
0x00007ff846ee060c:   20 89 54 24 24 48 89 44 24 30 4d 85 c9 74 4f b8
0x00007ff846ee061c:   0f 00 00 00 48 8d 4c 24 40 44 3b c0 49 8b d1 41
0x00007ff846ee062c:   0f 46 c0 44 8b c0 44 89 44 24 38 49 c1 e0 03 e8
0x00007ff846ee063c:   17 b7 08 00 48 8d 4c 24 20 48 ff 15 74 df 21 00
0x00007ff846ee064c:   0f 1f 44 00 00 48 8b 8c 24 c0 00 00 00 48 33 cc
0x00007ff846ee065c:   e8 6f 18 05 00 48 81 c4 d8 00 00 00 c3 cc 83 64
0x00007ff846ee066c:   24 38 00 eb cf cc cc cc cc cc cc cc 48 8b c4 48
0x00007ff846ee067c:   89 58 08 48 89 70 10 48 89 78 18 4c 89 68 20 55
0x00007ff846ee068c:   41 56 41 57 48 8d 68 a1 48 81 ec e0 00 00 00 48
0x00007ff846ee069c:   8b 05 4e 49 31 00 48 33 c4 48 89 45 3f 45 33 ff
0x00007ff846ee06ac:   66 c7 45 2b 00 05 48 8d 45 c7 44 89 7d 27 48 89
0x00007ff846ee06bc:   44 24 50 48 8d 4d 27 44 89 7c 24 48 45 33 c9 44
0x00007ff846ee06cc:   89 7c 24 40 45 8d 47 12 44 89 7c 24 38 b2 01 44
0x00007ff846ee06dc:   89 7c 24 30 41 8b df 44 89 7c 24 28 41 8b ff 44
0x00007ff846ee06ec:   89 7c 24 20 45 8b f7 44 89 7d 2f 66 c7 45 33 00
0x00007ff846ee06fc:   01 44 89 7d 37 66 c7 45 3b 00 10 4c 89 7d c7 4c
0x00007ff846ee070c:   89 7d cf 4c 89 7d d7 4c 89 7d df 48 ff 15 c2 df
0x00007ff846ee071c:   21 00 0f 1f 44 00 00 85 c0 0f 88 a7 02 00 00 48
0x00007ff846ee072c:   8d 45 cf 41 b9 20 02 00 00 48 89 44 24 50 45 8d
0x00007ff846ee073c:   6f 02 44 89 7c 24 48 45 8d 47 20 44 89 7c 24 40 


core.util.Stack slot to memory mapping:

stack at sp + 0 slots: 0x000001baa5700cc0 points into unknown readable memory: 0x0000000000ff0000 | 00 00 ff 00 00 00 00 00
stack at sp + 1 slots: 0x00007fffc4afb530 igxelpicd64.dll
stack at sp + 2 slots: 0x000000b35a5fede0 is pointing into the stack for thread: 0x000001baa733e280
stack at sp + 3 slots: 0x0000000000001027 is an unknown value
stack at sp + 4 slots: 0x00000081e06d7363 is an unknown value
stack at sp + 5 slots: 0x0 is null
stack at sp + 6 slots: 0x00007ff846ee064c KERNELBASE.dll
stack at sp + 7 slots: 0x0000000000000004 is an unknown value


Compiled method (n/a) 190801  770     n 0       org.lwjgl.opengl.GL15C::glBindBuffer (native)
 total in heap  [0x000001bab761cf90,0x000001bab761d368] = 984
 relocation     [0x000001bab761d0f0,0x000001bab761d128] = 56
 main code      [0x000001bab761d140,0x000001bab761d35b] = 539
 stub code      [0x000001bab761d35b,0x000001bab761d360] = 5
 oops           [0x000001bab761d360,0x000001bab761d368] = 8

[Constant Pool (empty)]

[MachCode]
[Entry Point]
  # {method} {0x000001bb06610f18} 'glBindBuffer' '(II)V' in 'org/lwjgl/opengl/GL15C'
  # parm0:    rdx       = int
  # parm1:    r8        = int
  #           [sp+0x70]  (sp of caller)
  0x000001bab761d140: 448b 5208 | 49bb 0000 | 00c5 ba01 | 0000 4d03 | d349 3bc2 | 0f84 0600 

  0x000001bab761d158: ;   {runtime_call ic_miss_stub}
  0x000001bab761d158: 0000 e921 | 18a7 ff90 
[Verified Entry Point]
  0x000001bab761d160: 8984 2400 | 80ff ff55 | 488b ec48 | 83ec 6090 | 4181 7f20 | 0100 0000 

  0x000001bab761d178: ;   {runtime_call StubRoutines (final stubs)}
  0x000001bab761d178: 7405 e821 | b1a5 ff4d | 8bc8 4c8b 

  0x000001bab761d184: ;   {oop(a 'java/lang/Class'{0x000000008a8ca5f0} = 'org/lwjgl/opengl/GL15C')}
  0x000001bab761d184: c249 bef0 | a58c 8a00 | 0000 004c | 8974 2450 | 4c8d 7424 | 5049 8bd6 

  0x000001bab761d19c: ;   {internal_word}
  0x000001bab761d19c: c5f8 7749 | ba9c d161 | b7ba 0100 | 004d 8997 | a803 0000 | 4989 a7a0 

  0x000001bab761d1b4: ;   {external_word}
  0x000001bab761d1b4: 0300 0049 | ba20 2e07 | dbff 7f00 | 0041 803a | 000f 844e | 0000 0052 | 4150 4151 

  0x000001bab761d1d0: ;   {metadata({method} {0x000001bb06610f18} 'glBindBuffer' '(II)V' in 'org/lwjgl/opengl/GL15C')}
  0x000001bab761d1d0: 48ba 100f | 6106 bb01 | 0000 498b | cf48 83ec | 2040 f6c4 | 0f0f 8419 | 0000 0048 

  0x000001bab761d1ec: ;   {runtime_call}
  0x000001bab761d1ec: 83ec 0848 | b890 9fb0 | daff 7f00 | 00ff d048 | 83c4 08e9 | 0c00 0000 

  0x000001bab761d204: ;   {runtime_call}
  0x000001bab761d204: 48b8 909f | b0da ff7f | 0000 ffd0 | 4883 c420 | 4159 4158 | 5a49 8d8f | c003 0000 | 41c7 874c 
  0x000001bab761d224: 0400 0004 

  0x000001bab761d228: ;   {runtime_call}
  0x000001bab761d228: 0000 0048 | b830 e6cc | 24f8 7f00 | 00ff d0c5 | f877 41c7 | 874c 0400 | 0005 0000 | 00f0 8344 
  0x000001bab761d248: 24c0 0049 | 3baf 5004 | 0000 0f87 | 0e00 0000 | 4183 bf48 | 0400 0000 | 0f84 2300 | 0000 c5f8 
  0x000001bab761d268: 7749 8bcf | 4c8b e448 | 83ec 2048 

  0x000001bab761d274: ;   {runtime_call}
  0x000001bab761d274: 83e4 f048 | b8f0 ed7b | daff 7f00 | 00ff d049 | 8be4 4d33 | e441 c787 | 4c04 0000 | 0800 0000 
  0x000001bab761d294: 4183 bfc8 | 0400 0002 | 0f84 9400 

  0x000001bab761d2a0: ;   {external_word}
  0x000001bab761d2a0: 0000 49ba | 202e 07db | ff7f 0000 | 4180 3a00 | 0f84 4400 

  0x000001bab761d2b4: ;   {metadata({method} {0x000001bb06610f18} 'glBindBuffer' '(II)V' in 'org/lwjgl/opengl/GL15C')}
  0x000001bab761d2b4: 0000 48ba | 100f 6106 | bb01 0000 | 498b cf48 | 83ec 2040 | f6c4 0f0f | 8419 0000 | 0048 83ec 
  0x000001bab761d2d4: ;   {runtime_call}
  0x000001bab761d2d4: 0848 b890 | 9fb0 daff | 7f00 00ff | d048 83c4 | 08e9 0c00 

  0x000001bab761d2e8: ;   {runtime_call}
  0x000001bab761d2e8: 0000 48b8 | 909f b0da | ff7f 0000 | ffd0 4883 | c420 49c7 | 87a0 0300 | 0000 0000 | 0049 c787 
  0x000001bab761d308: a803 0000 | 0000 0000 | c5f8 7749 | 8b8f 3004 | 0000 c781 | 0001 0000 | 0000 0000 | c949 837f 
  0x000001bab761d328: 0800 0f85 | 0100 0000 

  0x000001bab761d330: ;   {runtime_call StubRoutines (initial stubs)}
  0x000001bab761d330: c3e9 ca3b | a2ff c5f8 | 774c 8be4 | 4883 ec20 | 4883 e4f0 

  0x000001bab761d344: ;   {runtime_call}
  0x000001bab761d344: 48b8 c0d6 | b0da ff7f | 0000 ffd0 | 498b e44d | 33e4 e947 | ffff fff4 | f4f4 f4f4 
[/MachCode]


Compiled method (c2) 190830  841 %     4       Main::main @ 57 (118 bytes)
 total in heap  [0x000001bab7627190,0x000001bab7629440] = 8880
 relocation     [0x000001bab76272f0,0x000001bab76274d0] = 480
 main code      [0x000001bab76274e0,0x000001bab7627fc0] = 2784
 stub code      [0x000001bab7627fc0,0x000001bab76280e8] = 296
 oops           [0x000001bab76280e8,0x000001bab7628108] = 32
 metadata       [0x000001bab7628108,0x000001bab7628320] = 536
 scopes data    [0x000001bab7628320,0x000001bab7628de8] = 2760
 scopes pcs     [0x000001bab7628de8,0x000001bab7629148] = 864
 dependencies   [0x000001bab7629148,0x000001bab76291a8] = 96
 handler table  [0x000001bab76291a8,0x000001bab7629400] = 600
 nul chk table  [0x000001bab7629400,0x000001bab7629440] = 64

[Constant Pool (empty)]

[MachCode]
[Verified Entry Point]
  # {method} {0x000001bb06408138} 'main' '([Ljava/lang/String;)V' in 'Main'
  0x000001bab76274e0: cc66 6666 | 0f1f 8400 | 0000 0000 | 6666 6690 | 8984 2400 | 80ff ff55 | 4883 ec70 | 4181 7f20 
  0x000001bab7627500: 0100 0000 | 0f85 a70a | 0000 488b | 1a4d 8b97 | 8803 0000 | 498b 3a48 | 8bca 49ba | 8008 77da 
  0x000001bab7627520: ff7f 0000 

  0x000001bab7627524: ;   {other}
  0x000001bab7627524: 41ff d20f | 1f84 0000 | 0000 0044 

  0x000001bab7627530: ;   {metadata('core.managment.WindowManager')}
  0x000001bab7627530: 8b5b 0841 | 81fb 2035 | 0001 0f85 | 8008 0000 | 4889 7c24 | 3848 895c | 2420 e9c7 | 0100 0090 
  0x000001bab7627550: 498b c344 | 8b50 1c4d | 8bda 458b 

  0x000001bab762755c: ;   {metadata('org/lwjgl/system/MemoryStack')}
  0x000001bab762755c: 5308 4181 | faf8 5101 | 010f 8595 | 0800 004c | 895c 2440 | 458b 5b18 | 4489 5c24 | 504c 8b54 
  0x000001bab762757c: 2440 4d8b | 5210 4d63 | db4f 8d5c | 13fc 4983 | e3fc 4c89 | 5c24 584d | 2bda 458b | db4c 8b54 
  0x000001bab762759c: 2440 4589 | 5a18 4585 | db0f 8c6d | 0700 004c | 8b54 2458 | 458b d241 | 83e2 0745 | 85d2 0f84 
  0x000001bab76275bc: 7407 0000 | 488b 5424 | 5845 33c0 | 41b9 0400 

  0x000001bab76275cc: ;   {static_call}
  0x000001bab76275cc: 0000 90e8 

  0x000001bab76275d0: ; ImmutableOopMap {[32]=Oop [56]=Oop [64]=Oop }
                      ;*invokestatic nmemset {reexecute=0 rethrow=0 return_oop=0}
                      ; - org.lwjgl.system.MemoryUtilTunables::memset@51 (line 46)
                      ; - org.lwjgl.system.MemoryUtil::memSet@29 (line 2426)
                      ; - org.lwjgl.system.MemoryStack::callocInt@15 (line 445)
                      ; - org.lwjgl.opengl.GL15C::glGenBuffers@11 (line 117)
                      ; - org.lwjgl.opengl.GL15::glGenBuffers@0 (line 132)
                      ; - core.managment.WindowManager::drawTriangle@32 (line 133)
                      ; - Main::main@108 (line 27)
  0x000001bab76275d0: 8c57 ffff 

  0x000001bab76275d4: ;   {other}
  0x000001bab76275d4: 0f1f 8400 | 4404 0000 | ba01 0000 | 004c 8b44 

  0x000001bab76275e4: ;   {static_call}
  0x000001bab76275e4: 2458 90e8 

  0x000001bab76275e8: ; ImmutableOopMap {[32]=Oop [56]=Oop [64]=Oop }
                      ;*invokestatic nglGenBuffers {reexecute=0 rethrow=0 return_oop=0}
                      ; - org.lwjgl.opengl.GL15C::glGenBuffers@20 (line 118)
                      ; - org.lwjgl.opengl.GL15::glGenBuffers@0 (line 132)
                      ; - core.managment.WindowManager::drawTriangle@32 (line 133)
                      ; - Main::main@108 (line 27)
  0x000001bab76275e8: 746f ffff 

  0x000001bab76275ec: ;   {other}
  0x000001bab76275ec: 0f1f 8400 | 5c04 0001 | 4c8b 5424 | 5845 8b02 | 448b 5424 | 5045 85d2 | 0f8c be05 | 0000 4c8b 
  0x000001bab762760c: 5424 4045 | 8b5a 0c44 | 3b5c 2450 | 0f8c 4607 | 0000 448b | 4c24 5045 | 894a 18ba | 9288 0000 
  0x000001bab762762c: ;   {static_call}
  0x000001bab762762c: 6666 90e8 

  0x000001bab7627630: ; ImmutableOopMap {[32]=Oop [56]=Oop }
                      ;*invokestatic glBindBuffer {reexecute=0 rethrow=0 return_oop=0}
                      ; - org.lwjgl.opengl.GL15::glBindBuffer@2 (line 97)
                      ; - core.managment.WindowManager::drawTriangle@41 (line 134)
                      ; - Main::main@108 (line 27)
  0x000001bab7627630: 2c5b ffff 

  0x000001bab7627634: ;   {other}
  0x000001bab7627634: 0f1f 8400 | a404 0002 | ba92 8800 | 0041 b818 | 0000 004c | 8b4c 2448 | bfe4 8800 

  0x000001bab7627650: ;   {static_call}
  0x000001bab7627650: 0066 90e8 

  0x000001bab7627654: ; ImmutableOopMap {[32]=Oop [56]=Oop }
                      ;*invokestatic nglBufferData {reexecute=0 rethrow=0 return_oop=0}
                      ; - org.lwjgl.opengl.GL15C::glBufferData@15 (line 163)
                      ; - org.lwjgl.opengl.GL15::glBufferData@3 (line 177)
                      ; - core.managment.WindowManager::drawTriangle@49 (line 135)
                      ; - Main::main@108 (line 27)
  0x000001bab7627654: 0876 ffff 

  0x000001bab7627658: ;   {other}
  0x000001bab7627658: 0f1f 8400 | c804 0003 | 33d2 41b8 | 0200 0000 | 41b9 0614 | 0000 33ff | 33f6 33c9 

  0x000001bab7627674: ;   {static_call}
  0x000001bab7627674: 6666 90e8 

  0x000001bab7627678: ; ImmutableOopMap {[32]=Oop [56]=Oop }
                      ;*invokestatic nglVertexAttribPointer {reexecute=0 rethrow=0 return_oop=0}
                      ; - org.lwjgl.opengl.GL20C::glVertexAttribPointer@8 (line 1046)
                      ; - org.lwjgl.opengl.GL20::glVertexAttribPointer@8 (line 1014)
                      ; - core.managment.WindowManager::drawTriangle@60 (line 137)
                      ; - Main::main@108 (line 27)
  0x000001bab7627678: e479 ffff 

  0x000001bab762767c: ;   {other}
  0x000001bab762767c: 0f1f 8400 | ec04 0004 

  0x000001bab7627684: ;   {static_call}
  0x000001bab7627684: 33d2 90e8 

  0x000001bab7627688: ; ImmutableOopMap {[32]=Oop [56]=Oop }
                      ;*invokestatic glEnableVertexAttribArray {reexecute=0 rethrow=0 return_oop=0}
                      ; - org.lwjgl.opengl.GL20::glEnableVertexAttribArray@1 (line 1036)
                      ; - core.managment.WindowManager::drawTriangle@64 (line 138)
                      ; - Main::main@108 (line 27)
  0x000001bab7627688: d47d ffff 

  0x000001bab762768c: ;   {other}
  0x000001bab762768c: 0f1f 8400 | fc04 0005 | ba92 8800 | 0045 33c0 

  0x000001bab762769c: ;   {static_call}
  0x000001bab762769c: 6666 90e8 

  0x000001bab76276a0: ; ImmutableOopMap {[32]=Oop [56]=Oop }
                      ;*invokestatic glBindBuffer {reexecute=0 rethrow=0 return_oop=0}
                      ; - org.lwjgl.opengl.GL15::glBindBuffer@2 (line 97)
                      ; - core.managment.WindowManager::drawTriangle@70 (line 140)
                      ; - Main::main@108 (line 27)
  0x000001bab76276a0: bc5a ffff 

  0x000001bab76276a4: ;   {other}
  0x000001bab76276a4: 0f1f 8400 | 1405 0006 | 4c8b 5424 | 2041 8b52 

  0x000001bab76276b4: ;   {static_call}
  0x000001bab76276b4: 1c66 90e8 

  0x000001bab76276b8: ; ImmutableOopMap {[32]=Oop [56]=Oop }
                      ;*invokestatic glUseProgram {reexecute=0 rethrow=0 return_oop=0}
                      ; - org.lwjgl.opengl.GL20::glUseProgram@1 (line 236)
                      ; - core.managment.WindowManager::drawTriangle@77 (line 142)
                      ; - Main::main@108 (line 27)
  0x000001bab76276b8: a484 ffff 

  0x000001bab76276bc: ;   {other}
  0x000001bab76276bc: 0f1f 8400 | 2c05 0007 | ba04 0000 | 0045 33c0 | 41b9 0300 

  0x000001bab76276d0: ;   {static_call}
  0x000001bab76276d0: 0000 90e8 

  0x000001bab76276d4: ; ImmutableOopMap {[32]=Oop [56]=Oop }
                      ;*invokestatic glDrawArrays {reexecute=0 rethrow=0 return_oop=0}
                      ; - org.lwjgl.opengl.GL11::glDrawArrays@3 (line 1204)
                      ; - core.managment.WindowManager::drawTriangle@83 (line 143)
                      ; - Main::main@108 (line 27)
  0x000001bab76276d4: 8888 ffff 

  0x000001bab76276d8: ;   {other}
  0x000001bab76276d8: 0f1f 8400 | 4805 0008 | 4c8b 5424 | 2049 8b52 | 1048 85d2 | 0f84 a206 | 0000 49b8 | 001e d224 
  0x000001bab76276f8: f87f 0000 

  0x000001bab76276fc: ;   {static_call}
  0x000001bab76276fc: 6666 90e8 

  0x000001bab7627700: ; ImmutableOopMap {[32]=Oop [56]=Oop }
                      ;*invokestatic invokePV {reexecute=0 rethrow=0 return_oop=0}
                      ; - org.lwjgl.glfw.GLFW::glfwSwapBuffers@17 (line 2337)
                      ; - core.managment.WindowManager::drawTriangle@90 (line 145)
                      ; - Main::main@108 (line 27)
  0x000001bab7627700: 5c4f ffff 

  0x000001bab7627704: ;   {other}
  0x000001bab7627704: 0f1f 8400 | 7405 0009 | 4d8b 9758 

  0x000001bab7627710: ; ImmutableOopMap {[32]=Oop [56]=Oop }
                      ;*goto {reexecute=1 rethrow=0 return_oop=0}
                      ; - (reexecute) Main::main@111 (line 27)
                      ;   {poll}
  0x000001bab7627710: 0400 0041 | 8502 4c8b | 5424 2049 | 8b52 1048 | 85d2 0f84 | d404 0000 | 49b8 5088 | d224 f87f 
  0x000001bab7627730: ;   {static_call}
  0x000001bab7627730: 0000 90e8 

  0x000001bab7627734: ; ImmutableOopMap {[32]=Oop [56]=Oop }
                      ;*invokestatic invokePI {reexecute=0 rethrow=0 return_oop=0}
                      ; - org.lwjgl.glfw.GLFW::glfwWindowShouldClose@17 (line 1049)
                      ; - core.managment.WindowManager::shouldClose@4 (line 115)
                      ; - Main::main@58 (line 24)
  0x000001bab7627734: 288c ffff 

  0x000001bab7627738: ;   {other}
  0x000001bab7627738: 0f1f 8400 | a805 000b | 85c0 0f85 | e004 0000 | 4c8b 5424 | 2049 8b52 | 1049 b860 | 1dd2 24f8 
  0x000001bab7627758: ;   {static_call}
  0x000001bab7627758: 7f00 00e8 

  0x000001bab762775c: ; ImmutableOopMap {[32]=Oop [56]=Oop }
                      ;*invokestatic invokePV {reexecute=0 rethrow=0 return_oop=0}
                      ; - org.lwjgl.glfw.GLFW::glfwMakeContextCurrent@6 (line 2317)
                      ; - Main::main@68 (line 25)
  0x000001bab762775c: 004f ffff 

  0x000001bab7627760: ;   {other}
  0x000001bab7627760: 0f1f 8400 | d005 000c | 48ba 607c | d224 f87f 

  0x000001bab7627770: ;   {static_call}
  0x000001bab7627770: 0000 90e8 

  0x000001bab7627774: ; ImmutableOopMap {[32]=Oop [56]=Oop }
                      ;*invokestatic invokeV {reexecute=0 rethrow=0 return_oop=0}
                      ; - org.lwjgl.glfw.GLFW::glfwPollEvents@5 (line 1600)
                      ; - Main::main@71 (line 26)
  0x000001bab7627774: e861 ffff 

  0x000001bab7627778: ;   {other}
  0x000001bab7627778: 0f1f 8400 | e805 000d | 498b 87b8 | 0100 004c | 8bd0 4983 | c228 4d3b | 97c8 0100 | 000f 8331 
  0x000001bab7627798: 0300 004d | 8997 b801 | 0000 410f | 0d8a c000 | 0000 48c7 | 0001 0000 | 0041 0f0d | 8a00 0100 
  0x000001bab76277b8: ;   {metadata({type array float})}
  0x000001bab76277b8: 00c7 4008 | 281f 0000 | 410f 0d8a | 4001 0000 | c740 0c06 | 0000 0041 | 0f0d 8a80 | 0100 0049 
  0x000001bab76277d8: ba00 0000 | bf00 0000 | bf4c 8950 | 1049 ba00 | 0000 3f00 | 0000 bf4c | 8950 1849 | ba00 0000 
  0x000001bab76277f8: 0000 0000 | 3f4c 8950 | 2048 8944 | 2430 4c8b | 5424 2049 | 8b52 1049 | b860 1dd2 | 24f8 7f00 
  0x000001bab7627818: ;   {static_call}
  0x000001bab7627818: 0066 90e8 

  0x000001bab762781c: ; ImmutableOopMap {[32]=Oop [48]=Oop [56]=Oop }
                      ;*invokestatic invokePV {reexecute=0 rethrow=0 return_oop=0}
                      ; - org.lwjgl.glfw.GLFW::glfwMakeContextCurrent@6 (line 2317)
                      ; - core.managment.WindowManager::drawTriangle@4 (line 124)
                      ; - Main::main@108 (line 27)
  0x000001bab762781c: 404e ffff 

  0x000001bab7627820: ;   {other}
  0x000001bab7627820: 0f1f 8400 | 9006 000e | 4c8b 5424 | 3845 8b5a | 4c45 8b53 | 1441 8b4a | 0c44 8d49 | ff41 81e1 
  0x000001bab7627840: f1ab 7bac | 85c9 0f86 | a902 0000 | 478b 548a | 1045 85d2 | 0f84 c201 | 0000 458b 

  0x000001bab762785c: ;   {oop(a 'java/lang/ThreadLocal$SuppliedThreadLocal'{0x000000008a8000a0})}
  0x000001bab762785c: 420c 4181 | f8a0 0080 | 8a0f 85f5 | 0200 0049 | 8bc2 448b | 581c 4d8b | d345 8b5a 

  0x000001bab7627878: ;   {metadata('org/lwjgl/system/MemoryStack')}
  0x000001bab7627878: 0841 81fb | f851 0101 | 0f85 5205 | 0000 4c89 | 5424 4045 | 8b52 1844 | 8954 2448 | 4c8b 5424 
  0x000001bab7627898: 404d 8b52 | 104c 635c | 2448 4f8d | 5c13 fc49 | 83e3 fc4c | 895c 2450 | 4d2b da45 | 8bdb 4c8b 
  0x000001bab76278b8: 5424 4045 | 895a 1845 | 85db 0f8c | 7c03 0000 | 4c8b 5424 | 5045 8bda | 4183 e307 | 4585 db0f 
  0x000001bab76278d8: 848f 0300 | 0049 8bd2 | 4533 c041 | b904 0000 

  0x000001bab76278e8: ;   {static_call}
  0x000001bab76278e8: 0066 90e8 

  0x000001bab76278ec: ; ImmutableOopMap {[32]=Oop [48]=Oop [56]=Oop [64]=Oop }
                      ;*invokestatic nmemset {reexecute=0 rethrow=0 return_oop=0}
                      ; - org.lwjgl.system.MemoryUtilTunables::memset@51 (line 46)
                      ; - org.lwjgl.system.MemoryUtil::memSet@29 (line 2426)
                      ; - org.lwjgl.system.MemoryStack::callocInt@15 (line 445)
                      ; - org.lwjgl.opengl.GL30C::glGenVertexArrays@11 (line 1370)
                      ; - org.lwjgl.opengl.GL30::glGenVertexArrays@0 (line 1297)
                      ; - core.managment.WindowManager::drawTriangle@7 (line 126)
                      ; - Main::main@108 (line 27)
  0x000001bab76278ec: 7054 ffff 

  0x000001bab76278f0: ;   {other}
  0x000001bab76278f0: 0f1f 8400 | 6007 000f | ba01 0000 | 004c 8b44 

  0x000001bab7627900: ;   {static_call}
  0x000001bab7627900: 2450 90e8 

  0x000001bab7627904: ; ImmutableOopMap {[32]=Oop [48]=Oop [56]=Oop [64]=Oop }
                      ;*invokestatic nglGenVertexArrays {reexecute=0 rethrow=0 return_oop=0}
                      ; - org.lwjgl.opengl.GL30C::glGenVertexArrays@20 (line 1371)
                      ; - org.lwjgl.opengl.GL30::glGenVertexArrays@0 (line 1297)
                      ; - core.managment.WindowManager::drawTriangle@7 (line 126)
                      ; - Main::main@108 (line 27)
  0x000001bab7627904: 5864 ffff 

  0x000001bab7627908: ;   {other}
  0x000001bab7627908: 0f1f 8400 | 7807 0010 | 4c8b 5424 | 5041 8b12 | 448b 5c24 | 4845 85db | 0f8c 6a02 | 0000 4c8b 
  0x000001bab7627928: 5424 4045 | 8b5a 0c44 | 3b5c 2448 | 0f8c 7603 | 0000 448b | 5c24 4845 

  0x000001bab7627940: ;   {static_call}
  0x000001bab7627940: 895a 18e8 

  0x000001bab7627944: ; ImmutableOopMap {[32]=Oop [48]=Oop [56]=Oop }
                      ;*invokestatic glBindVertexArray {reexecute=0 rethrow=0 return_oop=0}
                      ; - org.lwjgl.opengl.GL30::glBindVertexArray@1 (line 1262)
                      ; - core.managment.WindowManager::drawTriangle@12 (line 127)
                      ; - Main::main@108 (line 27)
  0x000001bab7627944: 1868 ffff 

  0x000001bab7627948: ;   {other}
  0x000001bab7627948: 0f1f 8400 | b807 0011 | ba18 0000 

  0x000001bab7627954: ;   {static_call}
  0x000001bab7627954: 0066 90e8 

  0x000001bab7627958: ; ImmutableOopMap {[32]=Oop [48]=Oop [56]=Oop }
                      ;*invokestatic nmalloc {reexecute=0 rethrow=0 return_oop=0}
                      ; - org.lwjgl.system.MemoryManage$StdlibAllocator::malloc@1 (line 67)
                      ; - org.lwjgl.system.MemoryUtil::nmemAlloc@4 (line 233)
                      ; - org.lwjgl.system.MemoryUtil::nmemAllocChecked@11 (line 244)
                      ; - org.lwjgl.system.MemoryUtil::memAllocFloat@5 (line 297)
                      ; - core.managment.WindowManager::drawTriangle@17 (line 129)
                      ; - Main::main@108 (line 27)
  0x000001bab7627958: 045c ffff 

  0x000001bab762795c: ;   {other}
  0x000001bab762795c: 0f1f 8400 | cc07 0012 | 4889 4424 | 4848 85c0 | 0f84 7e03 | 0000 41c6 | 8778 0400 | 0001 488b 
  0x000001bab762797c: 4c24 3048 | 83c1 104c | 8b54 2438 | 418b 5a4c | 488b d041 | b818 0000 | 0049 ba60 | 7107 b7ba 
  0x000001bab762799c: 0100 0041 

  0x000001bab76279a0: ;   {other}
  0x000001bab76279a0: ffd2 0f1f | 8400 0000 | 0000 4588 | a778 0400 | 0044 8b53 | 1445 8b5a | 0c45 8d4b | ff41 81e1 
  0x000001bab76279c0: f1ab 7bac | 4585 db0f | 8663 0100 | 0047 8b5c | 8a10 4585 | db0f 8499 | 0000 0045 

  0x000001bab76279dc: ;   {oop(a 'java/lang/ThreadLocal$SuppliedThreadLocal'{0x000000008a8000a0})}
  0x000001bab76279dc: 8b43 0c41 | 81f8 a000 | 808a 0f84 | 64fb ffff | ba45 ffff | ff48 8b6c | 2420 4c8b | 5424 384c 
  0x000001bab76279fc: 8954 2428 | 895c 2430 | 4489 4c24 | 3444 895c 

  0x000001bab7627a0c: ;   {runtime_call UncommonTrapBlob}
  0x000001bab7627a0c: 2438 90e8 

  0x000001bab7627a10: ; ImmutableOopMap {rbp=Oop [40]=Oop [48]=NarrowOop [56]=NarrowOop }
                      ;*ifeq {reexecute=1 rethrow=0 return_oop=0}
                      ; - (reexecute) java.lang.ThreadLocal$ThreadLocalMap::getEntry@29 (line 501)
                      ; - java.lang.ThreadLocal::get@12 (line 187)
                      ; - java.lang.ThreadLocal::get@4 (line 172)
                      ; - org.lwjgl.system.MemoryStack::stackGet@3 (line 899)
                      ; - org.lwjgl.opengl.GL15C::glGenBuffers@0 (line 115)
                      ; - org.lwjgl.opengl.GL15::glGenBuffers@0 (line 132)
                      ; - core.managment.WindowManager::drawTriangle@32 (line 133)
                      ; - Main::main@108 (line 27)
  0x000001bab7627a10: ec00 a7ff 

  0x000001bab7627a14: ;   {other}
  0x000001bab7627a14: 0f1f 8400 | 8408 0013 

  0x000001bab7627a1c: ;   {oop(a 'java/lang/ThreadLocal$SuppliedThreadLocal'{0x000000008a8000a0})}
  0x000001bab7627a1c: 498b d349 | b8a0 0080 | 8a00 0000 | 0033 ff48 | 8b6c 2430 

  0x000001bab7627a30: ;   {optimized virtual_call}
  0x000001bab7627a30: 6666 90e8 

  0x000001bab7627a34: ; ImmutableOopMap {rbp=Oop [32]=Oop [48]=Oop [56]=Oop }
                      ;*invokevirtual getEntryAfterMiss {reexecute=0 rethrow=0 return_oop=1}
                      ; - java.lang.ThreadLocal$ThreadLocalMap::getEntry@38 (line 504)
                      ; - java.lang.ThreadLocal::get@12 (line 187)
                      ; - java.lang.ThreadLocal::get@4 (line 172)
                      ; - org.lwjgl.system.MemoryStack::stackGet@3 (line 899)
                      ; - org.lwjgl.opengl.GL30C::glGenVertexArrays@0 (line 1368)
                      ; - org.lwjgl.opengl.GL30::glGenVertexArrays@0 (line 1297)
                      ; - core.managment.WindowManager::drawTriangle@7 (line 126)
                      ; - Main::main@108 (line 27)
  0x000001bab7627a34: 4874 a6ff 

  0x000001bab7627a38: ;   {other}
  0x000001bab7627a38: 0f1f 8400 | a808 0014 | 4885 c00f | 8525 feff 

  0x000001bab7627a48: ;   {oop(a 'java/lang/ThreadLocal$SuppliedThreadLocal'{0x000000008a8000a0})}
  0x000001bab7627a48: ff48 baa0 | 0080 8a00 | 0000 004c | 8b44 2438 | 488b 6c24 

  0x000001bab7627a5c: ;   {optimized virtual_call}
  0x000001bab7627a5c: 2066 90e8 

  0x000001bab7627a60: ; ImmutableOopMap {rbp=Oop [32]=Oop [48]=Oop [56]=Oop }
                      ;*invokevirtual setInitialValue {reexecute=0 rethrow=0 return_oop=1}
                      ; - java.lang.ThreadLocal::get@31 (line 194)
                      ; - java.lang.ThreadLocal::get@4 (line 172)
                      ; - org.lwjgl.system.MemoryStack::stackGet@3 (line 899)
                      ; - org.lwjgl.opengl.GL30C::glGenVertexArrays@0 (line 1368)
                      ; - org.lwjgl.opengl.GL30::glGenVertexArrays@0 (line 1297)
                      ; - core.managment.WindowManager::drawTriangle@7 (line 126)
                      ; - Main::main@108 (line 27)
  0x000001bab7627a60: 1c74 a6ff 

  0x000001bab7627a64: ;   {other}
  0x000001bab7627a64: 0f1f 8400 | d408 0015 | 4c8b d0e9 | 01fe ffff 

  0x000001bab7627a74: ;   {oop(a 'java/lang/ThreadLocal$SuppliedThreadLocal'{0x000000008a8000a0})}
  0x000001bab7627a74: 488b d349 | b8a0 0080 | 8a00 0000 | 0033 ff48 | 8b6c 2448 

  0x000001bab7627a88: ;   {optimized virtual_call}
  0x000001bab7627a88: 6666 90e8 

  0x000001bab7627a8c: ; ImmutableOopMap {[32]=Oop [56]=Oop }
                      ;*invokevirtual getEntryAfterMiss {reexecute=0 rethrow=0 return_oop=1}
                      ; - java.lang.ThreadLocal$ThreadLocalMap::getEntry@38 (line 504)
                      ; - java.lang.ThreadLocal::get@12 (line 187)
                      ; - java.lang.ThreadLocal::get@4 (line 172)
                      ; - org.lwjgl.system.MemoryStack::stackGet@3 (line 899)
                      ; - org.lwjgl.opengl.GL15C::glGenBuffers@0 (line 115)
                      ; - org.lwjgl.opengl.GL15::glGenBuffers@0 (line 132)
                      ; - core.managment.WindowManager::drawTriangle@32 (line 133)
                      ; - Main::main@108 (line 27)
  0x000001bab7627a8c: f073 a6ff 

  0x000001bab7627a90: ;   {other}
  0x000001bab7627a90: 0f1f 8400 | 0009 0016 | 4885 c00f | 85b2 faff 

  0x000001bab7627aa0: ;   {oop(a 'java/lang/ThreadLocal$SuppliedThreadLocal'{0x000000008a8000a0})}
  0x000001bab7627aa0: ff48 baa0 | 0080 8a00 | 0000 004c | 8b44 2438 | 488b 6c24 

  0x000001bab7627ab4: ;   {optimized virtual_call}
  0x000001bab7627ab4: 2066 90e8 

  0x000001bab7627ab8: ; ImmutableOopMap {rbp=Oop [32]=Oop [56]=Oop }
                      ;*invokevirtual setInitialValue {reexecute=0 rethrow=0 return_oop=1}
                      ; - java.lang.ThreadLocal::get@31 (line 194)
                      ; - java.lang.ThreadLocal::get@4 (line 172)
                      ; - org.lwjgl.system.MemoryStack::stackGet@3 (line 899)
                      ; - org.lwjgl.opengl.GL15C::glGenBuffers@0 (line 115)
                      ; - org.lwjgl.opengl.GL15::glGenBuffers@0 (line 132)
                      ; - core.managment.WindowManager::drawTriangle@32 (line 133)
                      ; - Main::main@108 (line 27)
  0x000001bab7627ab8: c473 a6ff 

  0x000001bab7627abc: ;   {other}
  0x000001bab7627abc: 0f1f 8400 | 2c09 0017 | 4c8b d8e9 | 8efa ffff 

  0x000001bab7627acc: ;   {metadata({type array float})}
  0x000001bab7627acc: 48ba 281f | 00c5 ba01 | 0000 41b8 | 0600 0000 | 488b 6c24 

  0x000001bab7627ae0: ;   {runtime_call _new_array_Java}
  0x000001bab7627ae0: 2066 90e8 

  0x000001bab7627ae4: ; ImmutableOopMap {rbp=Oop [32]=Oop [56]=Oop }
                      ;*newarray {reexecute=0 rethrow=0 return_oop=1}
                      ; - Main::main@77 (line 27)
  0x000001bab7627ae4: 18bc b3ff 

  0x000001bab7627ae8: ;   {other}
  0x000001bab7627ae8: 0f1f 8400 | 5809 0018 | e9e2 fcff | ffba e4ff | ffff 488b | 6c24 204c | 8b44 2430 | 4c89 4424 
  0x000001bab7627b08: 284c 8b44 | 2438 4c89 | 4424 3044 | 895c 2438 | 4489 5424 | 4044 894c 

  0x000001bab7627b20: ;   {runtime_call UncommonTrapBlob}
  0x000001bab7627b20: 2444 90e8 

  0x000001bab7627b24: ; ImmutableOopMap {rbp=Oop [40]=Oop [48]=Oop [56]=NarrowOop [64]=NarrowOop }
                      ;*aaload {reexecute=0 rethrow=0 return_oop=0}
                      ; - java.lang.ThreadLocal$ThreadLocalMap::getEntry@18 (line 500)
                      ; - java.lang.ThreadLocal::get@12 (line 187)
                      ; - java.lang.ThreadLocal::get@4 (line 172)
                      ; - org.lwjgl.system.MemoryStack::stackGet@3 (line 899)
                      ; - org.lwjgl.opengl.GL30C::glGenVertexArrays@0 (line 1368)
                      ; - org.lwjgl.opengl.GL30::glGenVertexArrays@0 (line 1297)
                      ; - core.managment.WindowManager::drawTriangle@7 (line 126)
                      ; - Main::main@108 (line 27)
  0x000001bab7627b24: d8ff a6ff 

  0x000001bab7627b28: ;   {other}
  0x000001bab7627b28: 0f1f 8400 | 9809 0019 | bae4 ffff | ff48 8b6c | 2420 4c8b | 5c24 384c | 895c 2428 | 895c 2430 
  0x000001bab7627b48: 4489 5424 | 3844 894c 

  0x000001bab7627b50: ;   {runtime_call UncommonTrapBlob}
  0x000001bab7627b50: 243c 90e8 

  0x000001bab7627b54: ; ImmutableOopMap {rbp=Oop [40]=Oop [48]=NarrowOop [56]=NarrowOop }
                      ;*aaload {reexecute=0 rethrow=0 return_oop=0}
                      ; - java.lang.ThreadLocal$ThreadLocalMap::getEntry@18 (line 500)
                      ; - java.lang.ThreadLocal::get@12 (line 187)
                      ; - java.lang.ThreadLocal::get@4 (line 172)
                      ; - org.lwjgl.system.MemoryStack::stackGet@3 (line 899)
                      ; - org.lwjgl.opengl.GL15C::glGenBuffers@0 (line 115)
                      ; - org.lwjgl.opengl.GL15::glGenBuffers@0 (line 132)
                      ; - core.managment.WindowManager::drawTriangle@32 (line 133)
                      ; - Main::main@108 (line 27)
  0x000001bab7627b54: a8ff a6ff 

  0x000001bab7627b58: ;   {other}
  0x000001bab7627b58: 0f1f 8400 | c809 001a 

  0x000001bab7627b60: ;   {oop(a 'java/lang/ThreadLocal$SuppliedThreadLocal'{0x000000008a8000a0})}
  0x000001bab7627b60: 33ed 4181 | f8a0 0080 | 8a40 0f94 | c5ba 45ff | ffff 4489 | 5c24 4044 | 894c 2444 | 4489 5424 
  0x000001bab7627b80: ;   {runtime_call UncommonTrapBlob}
  0x000001bab7627b80: 4866 90e8 

  0x000001bab7627b84: ; ImmutableOopMap {[32]=Oop [48]=Oop [56]=Oop [64]=NarrowOop [72]=NarrowOop }
                      ;*ifeq {reexecute=1 rethrow=0 return_oop=0}
                      ; - (reexecute) java.lang.ThreadLocal$ThreadLocalMap::getEntry@29 (line 501)
                      ; - java.lang.ThreadLocal::get@12 (line 187)
                      ; - java.lang.ThreadLocal::get@4 (line 172)
                      ; - org.lwjgl.system.MemoryStack::stackGet@3 (line 899)
                      ; - org.lwjgl.opengl.GL30C::glGenVertexArrays@0 (line 1368)
                      ; - org.lwjgl.opengl.GL30::glGenVertexArrays@0 (line 1297)
                      ; - core.managment.WindowManager::drawTriangle@7 (line 126)
                      ; - Main::main@108 (line 27)
  0x000001bab7627b84: 78ff a6ff 

  0x000001bab7627b88: ;   {other}
  0x000001bab7627b88: 0f1f 8400 | f809 001b | 488b 6c24 | 204c 8b54 | 2430 4c89 | 5424 2889 | 5424 304c | 8b54 2440 
  0x000001bab7627ba8: 4c89 5424 | 3845 8bd3 | 4489 5424 | 40ba 45ff 

  0x000001bab7627bb8: ;   {runtime_call UncommonTrapBlob}
  0x000001bab7627bb8: ffff 90e8 

  0x000001bab7627bbc: ; ImmutableOopMap {rbp=Oop [40]=Oop [56]=Oop }
                      ;*iflt {reexecute=1 rethrow=0 return_oop=0}
                      ; - (reexecute) org.lwjgl.system.MemoryStack::checkPointer@1 (line 284)
                      ; - org.lwjgl.system.MemoryStack::setPointer@8 (line 277)
                      ; - org.lwjgl.opengl.GL30C::glGenVertexArrays@31 (line 1374)
                      ; - org.lwjgl.opengl.GL30::glGenVertexArrays@0 (line 1297)
                      ; - core.managment.WindowManager::drawTriangle@7 (line 126)
                      ; - Main::main@108 (line 27)
  0x000001bab7627bbc: 40ff a6ff 

  0x000001bab7627bc0: ;   {other}
  0x000001bab7627bc0: 0f1f 8400 | 300a 001c | ba45 ffff | ff48 8b6c | 2420 4489 | 4424 284c | 8b54 2440 | 4c89 5424 
  0x000001bab7627be0: 3044 8b54 | 2450 458b | da44 895c 

  0x000001bab7627bec: ;   {runtime_call UncommonTrapBlob}
  0x000001bab7627bec: 2438 90e8 

  0x000001bab7627bf0: ; ImmutableOopMap {rbp=Oop [48]=Oop }
                      ;*iflt {reexecute=1 rethrow=0 return_oop=0}
                      ; - (reexecute) org.lwjgl.system.MemoryStack::checkPointer@1 (line 284)
                      ; - org.lwjgl.system.MemoryStack::setPointer@8 (line 277)
                      ; - org.lwjgl.opengl.GL15C::glGenBuffers@31 (line 121)
                      ; - org.lwjgl.opengl.GL15::glGenBuffers@0 (line 132)
                      ; - core.managment.WindowManager::drawTriangle@32 (line 133)
                      ; - Main::main@108 (line 27)
  0x000001bab7627bf0: 0cff a6ff 

  0x000001bab7627bf4: ;   {other}
  0x000001bab7627bf4: 0f1f 8400 | 640a 001d | 4533 d249 | 3bd2 bdff | ffff ff7c | 0840 0f95 | c540 0fb6 | ed48 8954 
  0x000001bab7627c14: 2428 ba45 

  0x000001bab7627c18: ;   {runtime_call UncommonTrapBlob}
  0x000001bab7627c18: ffff ffe8 

  0x000001bab7627c1c: ; ImmutableOopMap {[32]=Oop }
                      ;*ifne {reexecute=1 rethrow=0 return_oop=0}
                      ; - (reexecute) org.lwjgl.system.Checks::check@3 (line 187)
                      ; - org.lwjgl.glfw.GLFW::glfwWindowShouldClose@11 (line 1047)
                      ; - core.managment.WindowManager::shouldClose@4 (line 115)
                      ; - Main::main@58 (line 24)
  0x000001bab7627c1c: e0fe a6ff 

  0x000001bab7627c20: ;   {other}
  0x000001bab7627c20: 0f1f 8400 | 900a 001e | ba45 ffff | ff48 8b6c | 2420 8944 

  0x000001bab7627c34: ;   {runtime_call UncommonTrapBlob}
  0x000001bab7627c34: 2420 90e8 

  0x000001bab7627c38: ; ImmutableOopMap {rbp=Oop }
                      ;*ifeq {reexecute=1 rethrow=0 return_oop=0}
                      ; - (reexecute) org.lwjgl.glfw.GLFW::glfwWindowShouldClose@20 (line 1049)
                      ; - core.managment.WindowManager::shouldClose@4 (line 115)
                      ; - Main::main@58 (line 24)
  0x000001bab7627c38: c4fe a6ff 

  0x000001bab7627c3c: ;   {other}
  0x000001bab7627c3c: 0f1f 8400 | ac0a 001f | ba45 ffff | ff48 8b6c | 2420 4c8b | 5424 304c | 8954 2428 | 4489 5c24 
  0x000001bab7627c5c: ;   {runtime_call UncommonTrapBlob}
  0x000001bab7627c5c: 3c66 90e8 

  0x000001bab7627c60: ; ImmutableOopMap {rbp=Oop [40]=Oop [64]=Oop }
                      ;*ifge {reexecute=1 rethrow=0 return_oop=0}
                      ; - (reexecute) org.lwjgl.system.MemoryStack::nmalloc@46 (line 320)
                      ; - org.lwjgl.system.MemoryStack::callocInt@7 (line 444)
                      ; - org.lwjgl.opengl.GL30C::glGenVertexArrays@11 (line 1370)
                      ; - org.lwjgl.opengl.GL30::glGenVertexArrays@0 (line 1297)
                      ; - core.managment.WindowManager::drawTriangle@7 (line 126)
                      ; - Main::main@108 (line 27)
  0x000001bab7627c60: 9cfe a6ff 

  0x000001bab7627c64: ;   {other}
  0x000001bab7627c64: 0f1f 8400 | d40a 0020 | ba45 ffff | ff48 8b6c | 2420 4c8b | 5424 304c | 8954 2428 | 4c8b 5424 
  0x000001bab7627c84: 404c 8954 | 2430 448b | 5424 4844 | 8954 2438 | 4c8b 5424 | 504c 8954 | 2448 4489 

  0x000001bab7627ca0: ;   {runtime_call UncommonTrapBlob}
  0x000001bab7627ca0: 5c24 3ce8 

  0x000001bab7627ca4: ; ImmutableOopMap {rbp=Oop [40]=Oop [48]=Oop }
                      ;*ifne {reexecute=1 rethrow=0 return_oop=0}
                      ; - (reexecute) org.lwjgl.system.MemoryUtilTunables::memset@23 (line 35)
                      ; - org.lwjgl.system.MemoryUtil::memSet@29 (line 2426)
                      ; - org.lwjgl.system.MemoryStack::callocInt@15 (line 445)
                      ; - org.lwjgl.opengl.GL30C::glGenVertexArrays@11 (line 1370)
                      ; - org.lwjgl.opengl.GL30::glGenVertexArrays@0 (line 1297)
                      ; - core.managment.WindowManager::drawTriangle@7 (line 126)
                      ; - Main::main@108 (line 27)
  0x000001bab7627ca4: 58fe a6ff 

  0x000001bab7627ca8: ;   {other}
  0x000001bab7627ca8: 0f1f 8400 | 180b 0021 | 488b 6c24 | 204c 8b54 | 2430 4c89 | 5424 2889 | 5424 304c | 8b54 2440 
  0x000001bab7627cc8: 4c89 5424 | 3844 8b54 | 2448 4489 | 5c24 4044 | 8954 2444 | ba45 ffff 

  0x000001bab7627ce0: ;   {runtime_call UncommonTrapBlob}
  0x000001bab7627ce0: ff66 90e8 

  0x000001bab7627ce4: ; ImmutableOopMap {rbp=Oop [40]=Oop [56]=Oop }
                      ;*if_icmpge {reexecute=1 rethrow=0 return_oop=0}
                      ; - (reexecute) org.lwjgl.system.MemoryStack::checkPointer@9 (line 284)
                      ; - org.lwjgl.system.MemoryStack::setPointer@8 (line 277)
                      ; - org.lwjgl.opengl.GL30C::glGenVertexArrays@31 (line 1374)
                      ; - org.lwjgl.opengl.GL30::glGenVertexArrays@0 (line 1297)
                      ; - core.managment.WindowManager::drawTriangle@7 (line 126)
                      ; - Main::main@108 (line 27)
  0x000001bab7627ce4: 18fe a6ff 

  0x000001bab7627ce8: ;   {other}
  0x000001bab7627ce8: 0f1f 8400 | 580b 0022 | 4533 db49 | 3bc3 bdff | ffff ff7c | 0840 0f95 | c540 0fb6 | edba 45ff 
  0x000001bab7627d08: ;   {runtime_call UncommonTrapBlob}
  0x000001bab7627d08: ffff 90e8 

  0x000001bab7627d0c: ; ImmutableOopMap {[32]=Oop [48]=Oop }
                      ;*ifne {reexecute=1 rethrow=0 return_oop=0}
                      ; - (reexecute) org.lwjgl.system.MemoryUtil::nmemAllocChecked@24 (line 245)
                      ; - org.lwjgl.system.MemoryUtil::memAllocFloat@5 (line 297)
                      ; - core.managment.WindowManager::drawTriangle@17 (line 129)
                      ; - Main::main@108 (line 27)
  0x000001bab7627d0c: f0fd a6ff 

  0x000001bab7627d10: ;   {other}
  0x000001bab7627d10: 0f1f 8400 | 800b 0023 | ba45 ffff | ff48 8b6c | 2420 4489 

  0x000001bab7627d24: ;   {runtime_call UncommonTrapBlob}
  0x000001bab7627d24: 5c24 34e8 

  0x000001bab7627d28: ; ImmutableOopMap {rbp=Oop [64]=Oop }
                      ;*ifge {reexecute=1 rethrow=0 return_oop=0}
                      ; - (reexecute) org.lwjgl.system.MemoryStack::nmalloc@46 (line 320)
                      ; - org.lwjgl.system.MemoryStack::callocInt@7 (line 444)
                      ; - org.lwjgl.opengl.GL15C::glGenBuffers@11 (line 117)
                      ; - org.lwjgl.opengl.GL15::glGenBuffers@0 (line 132)
                      ; - core.managment.WindowManager::drawTriangle@32 (line 133)
                      ; - Main::main@108 (line 27)
  0x000001bab7627d28: d4fd a6ff 

  0x000001bab7627d2c: ;   {other}
  0x000001bab7627d2c: 0f1f 8400 | 9c0b 0024 | ba45 ffff | ff48 8b6c | 2420 4c8b | 5c24 404c | 895c 2428 | 4c8b 5c24 
  0x000001bab7627d4c: 584c 895c | 2440 4489 

  0x000001bab7627d54: ;   {runtime_call UncommonTrapBlob}
  0x000001bab7627d54: 5424 34e8 

  0x000001bab7627d58: ; ImmutableOopMap {rbp=Oop [40]=Oop }
                      ;*ifne {reexecute=1 rethrow=0 return_oop=0}
                      ; - (reexecute) org.lwjgl.system.MemoryUtilTunables::memset@23 (line 35)
                      ; - org.lwjgl.system.MemoryUtil::memSet@29 (line 2426)
                      ; - org.lwjgl.system.MemoryStack::callocInt@15 (line 445)
                      ; - org.lwjgl.opengl.GL15C::glGenBuffers@11 (line 117)
                      ; - org.lwjgl.opengl.GL15::glGenBuffers@0 (line 132)
                      ; - core.managment.WindowManager::drawTriangle@32 (line 133)
                      ; - Main::main@108 (line 27)
  0x000001bab7627d58: a4fd a6ff 

  0x000001bab7627d5c: ;   {other}
  0x000001bab7627d5c: 0f1f 8400 | cc0b 0025 | ba45 ffff | ff48 8b6c | 2420 4489 | 4424 284c | 8954 2430 | 448b 4424 
  0x000001bab7627d7c: 5044 895c | 2438 4489 

  0x000001bab7627d84: ;   {runtime_call UncommonTrapBlob}
  0x000001bab7627d84: 4424 3ce8 

  0x000001bab7627d88: ; ImmutableOopMap {rbp=Oop [48]=Oop }
                      ;*if_icmpge {reexecute=1 rethrow=0 return_oop=0}
                      ; - (reexecute) org.lwjgl.system.MemoryStack::checkPointer@9 (line 284)
                      ; - org.lwjgl.system.MemoryStack::setPointer@8 (line 277)
                      ; - org.lwjgl.opengl.GL15C::glGenBuffers@31 (line 121)
                      ; - org.lwjgl.opengl.GL15::glGenBuffers@0 (line 132)
                      ; - core.managment.WindowManager::drawTriangle@32 (line 133)
                      ; - Main::main@108 (line 27)
  0x000001bab7627d88: 74fd a6ff 

  0x000001bab7627d8c: ;   {other}
  0x000001bab7627d8c: 0f1f 8400 | fc0b 0026 | 4533 d249 | 3bd2 bdff | ffff ff7c | 0840 0f95 | c540 0fb6 | ed48 8954 
  0x000001bab7627dac: 2428 ba45 

  0x000001bab7627db0: ;   {runtime_call UncommonTrapBlob}
  0x000001bab7627db0: ffff ffe8 

  0x000001bab7627db4: ; ImmutableOopMap {[32]=Oop }
                      ;*ifne {reexecute=1 rethrow=0 return_oop=0}
                      ; - (reexecute) org.lwjgl.system.Checks::check@3 (line 187)
                      ; - org.lwjgl.glfw.GLFW::glfwSwapBuffers@11 (line 2335)
                      ; - core.managment.WindowManager::drawTriangle@90 (line 145)
                      ; - Main::main@108 (line 27)
  0x000001bab7627db4: 48fd a6ff 

  0x000001bab7627db8: ;   {other}
  0x000001bab7627db8: 0f1f 8400 | 280c 0027 | ba8d ffff | ff48 8beb 

  0x000001bab7627dc8: ;   {runtime_call UncommonTrapBlob}
  0x000001bab7627dc8: 6666 90e8 

  0x000001bab7627dcc: ; ImmutableOopMap {rbp=Oop }
                      ;*aload_1 {reexecute=0 rethrow=0 return_oop=0}
                      ; - Main::main@57 (line 24)
  0x000001bab7627dcc: 30fd a6ff 

  0x000001bab7627dd0: ;   {other}
  0x000001bab7627dd0: 0f1f 8400 | 400c 0028 | bade ffff | ff48 8b6c | 2420 4c8b | 5c24 304c | 895c 2428 | 4c89 5424 
  0x000001bab7627df0: ;   {runtime_call UncommonTrapBlob}
  0x000001bab7627df0: 3066 90e8 

  0x000001bab7627df4: ; ImmutableOopMap {rbp=Oop [40]=Oop [48]=Oop }
                      ;*checkcast {reexecute=0 rethrow=0 return_oop=0}
                      ; - org.lwjgl.system.MemoryStack::stackGet@6 (line 899)
                      ; - org.lwjgl.opengl.GL30C::glGenVertexArrays@0 (line 1368)
                      ; - org.lwjgl.opengl.GL30::glGenVertexArrays@0 (line 1297)
                      ; - core.managment.WindowManager::drawTriangle@7 (line 126)
                      ; - Main::main@108 (line 27)
  0x000001bab7627df4: 08fd a6ff 

  0x000001bab7627df8: ;   {other}
  0x000001bab7627df8: 0f1f 8400 | 680c 0029 | bade ffff | ff48 8b6c | 2420 4c89 

  0x000001bab7627e0c: ;   {runtime_call UncommonTrapBlob}
  0x000001bab7627e0c: 5c24 28e8 

  0x000001bab7627e10: ; ImmutableOopMap {rbp=Oop [40]=Oop }
                      ;*checkcast {reexecute=0 rethrow=0 return_oop=0}
                      ; - org.lwjgl.system.MemoryStack::stackGet@6 (line 899)
                      ; - org.lwjgl.opengl.GL15C::glGenBuffers@0 (line 115)
                      ; - org.lwjgl.opengl.GL15::glGenBuffers@0 (line 132)
                      ; - core.managment.WindowManager::drawTriangle@32 (line 133)
                      ; - Main::main@108 (line 27)
  0x000001bab7627e10: ecfc a6ff 

  0x000001bab7627e14: ;   {other}
  0x000001bab7627e14: 0f1f 8400 | 840c 002a | baf6 ffff | ff48 8b6c 

  0x000001bab7627e24: ;   {runtime_call UncommonTrapBlob}
  0x000001bab7627e24: 2420 90e8 

  0x000001bab7627e28: ; ImmutableOopMap {rbp=Oop [48]=Oop }
                      ;*arraylength {reexecute=0 rethrow=0 return_oop=0}
                      ; - java.lang.ThreadLocal$ThreadLocalMap::getEntry@8 (line 499)
                      ; - java.lang.ThreadLocal::get@12 (line 187)
                      ; - java.lang.ThreadLocal::get@4 (line 172)
                      ; - org.lwjgl.system.MemoryStack::stackGet@3 (line 899)
                      ; - org.lwjgl.opengl.GL30C::glGenVertexArrays@0 (line 1368)
                      ; - org.lwjgl.opengl.GL30::glGenVertexArrays@0 (line 1297)
                      ; - core.managment.WindowManager::drawTriangle@7 (line 126)
                      ; - Main::main@108 (line 27)
  0x000001bab7627e28: d4fc a6ff 

  0x000001bab7627e2c: ;   {other}
  0x000001bab7627e2c: 0f1f 8400 | 9c0c 002b | baf4 ffff | ff48 8b6c 

  0x000001bab7627e3c: ;   {runtime_call UncommonTrapBlob}
  0x000001bab7627e3c: 2420 90e8 

  0x000001bab7627e40: ; ImmutableOopMap {rbp=Oop [48]=Oop }
                      ;*checkcast {reexecute=0 rethrow=0 return_oop=0}
                      ; - org.lwjgl.system.MemoryStack::stackGet@6 (line 899)
                      ; - org.lwjgl.opengl.GL30C::glGenVertexArrays@0 (line 1368)
                      ; - org.lwjgl.opengl.GL30::glGenVertexArrays@0 (line 1297)
                      ; - core.managment.WindowManager::drawTriangle@7 (line 126)
                      ; - Main::main@108 (line 27)
  0x000001bab7627e40: bcfc a6ff 

  0x000001bab7627e44: ;   {other}
  0x000001bab7627e44: 0f1f 8400 | b40c 002c | baf6 ffff | ff48 8b6c 

  0x000001bab7627e54: ;   {runtime_call UncommonTrapBlob}
  0x000001bab7627e54: 2420 90e8 

  0x000001bab7627e58: ; ImmutableOopMap {rbp=Oop }
                      ;*arraylength {reexecute=0 rethrow=0 return_oop=0}
                      ; - java.lang.ThreadLocal$ThreadLocalMap::getEntry@8 (line 499)
                      ; - java.lang.ThreadLocal::get@12 (line 187)
                      ; - java.lang.ThreadLocal::get@4 (line 172)
                      ; - org.lwjgl.system.MemoryStack::stackGet@3 (line 899)
                      ; - org.lwjgl.opengl.GL15C::glGenBuffers@0 (line 115)
                      ; - org.lwjgl.opengl.GL15::glGenBuffers@0 (line 132)
                      ; - core.managment.WindowManager::drawTriangle@32 (line 133)
                      ; - Main::main@108 (line 27)
  0x000001bab7627e58: a4fc a6ff 

  0x000001bab7627e5c: ;   {other}
  0x000001bab7627e5c: 0f1f 8400 | cc0c 002d | baf4 ffff | ff48 8b6c 

  0x000001bab7627e6c: ;   {runtime_call UncommonTrapBlob}
  0x000001bab7627e6c: 2420 90e8 

  0x000001bab7627e70: ; ImmutableOopMap {rbp=Oop }
                      ;*checkcast {reexecute=0 rethrow=0 return_oop=0}
                      ; - org.lwjgl.system.MemoryStack::stackGet@6 (line 899)
                      ; - org.lwjgl.opengl.GL15C::glGenBuffers@0 (line 115)
                      ; - org.lwjgl.opengl.GL15::glGenBuffers@0 (line 132)
                      ; - core.managment.WindowManager::drawTriangle@32 (line 133)
                      ; - Main::main@108 (line 27)
  0x000001bab7627e70: 8cfc a6ff 

  0x000001bab7627e74: ;   {other}
  0x000001bab7627e74: 0f1f 8400 | e40c 002e | ba45 ffff | ff48 8b6c | 2420 4c8b | 5424 304c | 8954 2428 | 4c8b 5424 
  0x000001bab7627e94: 384c 8954 | 2430 4489 

  0x000001bab7627e9c: ;   {runtime_call UncommonTrapBlob}
  0x000001bab7627e9c: 5c24 3ce8 

  0x000001bab7627ea0: ; ImmutableOopMap {rbp=Oop [40]=Oop [48]=Oop [60]=NarrowOop }
                      ;*ifnull {reexecute=1 rethrow=0 return_oop=0}
                      ; - (reexecute) java.lang.ThreadLocal::get@7 (line 186)
                      ; - java.lang.ThreadLocal::get@4 (line 172)
                      ; - org.lwjgl.system.MemoryStack::stackGet@3 (line 899)
                      ; - org.lwjgl.opengl.GL30C::glGenVertexArrays@0 (line 1368)
                      ; - org.lwjgl.opengl.GL30::glGenVertexArrays@0 (line 1297)
                      ; - core.managment.WindowManager::drawTriangle@7 (line 126)
                      ; - Main::main@108 (line 27)
  0x000001bab7627ea0: 5cfc a6ff 

  0x000001bab7627ea4: ;   {other}
  0x000001bab7627ea4: 0f1f 8400 | 140d 002f | ba45 ffff | ff48 8b6c | 2420 4c8b | 5424 384c | 8954 2428 | 895c 2434 
  0x000001bab7627ec4: ;   {runtime_call UncommonTrapBlob}
  0x000001bab7627ec4: 6666 90e8 

  0x000001bab7627ec8: ; ImmutableOopMap {rbp=Oop [40]=Oop [52]=NarrowOop }
                      ;*ifnull {reexecute=1 rethrow=0 return_oop=0}
                      ; - (reexecute) java.lang.ThreadLocal::get@7 (line 186)
                      ; - java.lang.ThreadLocal::get@4 (line 172)
                      ; - org.lwjgl.system.MemoryStack::stackGet@3 (line 899)
                      ; - org.lwjgl.opengl.GL15C::glGenBuffers@0 (line 115)
                      ; - org.lwjgl.opengl.GL15::glGenBuffers@0 (line 132)
                      ; - core.managment.WindowManager::drawTriangle@32 (line 133)
                      ; - Main::main@108 (line 27)
  0x000001bab7627ec8: 34fc a6ff 

  0x000001bab7627ecc: ;   {other}
  0x000001bab7627ecc: 0f1f 8400 | 3c0d 0030 | ba76 ffff 

  0x000001bab7627ed8: ;   {runtime_call UncommonTrapBlob}
  0x000001bab7627ed8: ff66 90e8 

  0x000001bab7627edc: ; ImmutableOopMap {}
                      ;*aload_1 {reexecute=0 rethrow=0 return_oop=0}
                      ; - Main::main@57 (line 24)
  0x000001bab7627edc: 20fc a6ff 

  0x000001bab7627ee0: ;   {other}
  0x000001bab7627ee0: 0f1f 8400 | 500d 0031 | eb1a eb1d | 488b e8e9 | 8c00 0000 | 488b e8e9 | a800 0000 | 488b d0e9 
  0x000001bab7627f00: a300 0000 | 488b e8eb | 7748 8be8 | e993 0000 | 0048 8bd0 | e98e 0000 | 0048 8bd0 | e986 0000 
  0x000001bab7627f20: 0048 8bd0 | e97e 0000 | 0048 8bd0 | eb79 488b | d0eb 7448 | 8bd0 eb6f | 488b d0eb | 6a48 8bd0 
  0x000001bab7627f40: eb65 488b | d0eb 6048 | 8bd0 eb5b | 488b d0eb | 5648 8bd0 | eb51 488b | d0eb 4c48 | 8bd0 eb47 
  0x000001bab7627f60: 488b e8eb | 0348 8be8 | 488b 5424 | 4044 8b44 

  0x000001bab7627f70: ;   {optimized virtual_call}
  0x000001bab7627f70: 2450 90e8 

  0x000001bab7627f74: ; ImmutableOopMap {rbp=Oop [32]=Oop }
                      ;*invokevirtual setPointer {reexecute=0 rethrow=0 return_oop=0}
                      ; - org.lwjgl.opengl.GL15C::glGenBuffers@40 (line 121)
                      ; - org.lwjgl.opengl.GL15::glGenBuffers@0 (line 132)
                      ; - core.managment.WindowManager::drawTriangle@32 (line 133)
                      ; - Main::main@108 (line 27)
  0x000001bab7627f74: 086f a6ff 

  0x000001bab7627f78: ;   {other}
  0x000001bab7627f78: 0f1f 8400 | e80d 0032 | 488b d5eb | 2248 8be8 | eb03 488b | e848 8b54 | 2440 448b 

  0x000001bab7627f94: ;   {optimized virtual_call}
  0x000001bab7627f94: 4424 48e8 

  0x000001bab7627f98: ; ImmutableOopMap {rbp=Oop [32]=Oop [48]=Oop }
                      ;*invokevirtual setPointer {reexecute=0 rethrow=0 return_oop=0}
                      ; - org.lwjgl.opengl.GL30C::glGenVertexArrays@40 (line 1374)
                      ; - org.lwjgl.opengl.GL30::glGenVertexArrays@0 (line 1297)
                      ; - core.managment.WindowManager::drawTriangle@7 (line 126)
                      ; - Main::main@108 (line 27)
  0x000001bab7627f98: e46e a6ff 

  0x000001bab7627f9c: ;   {other}
  0x000001bab7627f9c: 0f1f 8400 | 0c0e 0033 | 488b d548 | 83c4 705d 

  0x000001bab7627fac: ;   {runtime_call _rethrow_Java}
  0x000001bab7627fac: e94f c0b3 

  0x000001bab7627fb0: ;   {runtime_call StubRoutines (final stubs)}
  0x000001bab7627fb0: ffe8 ea02 | a5ff e94f | f5ff fff4 | f4f4 f4f4 
[Stub Code]
  0x000001bab7627fc0: ;   {no_reloc}
  0x000001bab7627fc0: 48bb 0000 | 0000 0000 

  0x000001bab7627fc8: ;   {runtime_call nmethod}
  0x000001bab7627fc8: 0000 e9fb 

  0x000001bab7627fcc: ;   {static_stub}
  0x000001bab7627fcc: ffff ff48 | bb00 0000 | 0000 0000 

  0x000001bab7627fd8: ;   {runtime_call nmethod}
  0x000001bab7627fd8: 00e9 fbff 

  0x000001bab7627fdc: ;   {static_stub}
  0x000001bab7627fdc: ffff 48bb | 0000 0000 | 0000 0000 

  0x000001bab7627fe8: ;   {runtime_call nmethod}
  0x000001bab7627fe8: e9fb ffff 

  0x000001bab7627fec: ;   {static_stub}
  0x000001bab7627fec: ff48 bb00 | 0000 0000 

  0x000001bab7627ff4: ;   {runtime_call nmethod}
  0x000001bab7627ff4: 0000 00e9 | fbff ffff 

  0x000001bab7627ffc: ;   {static_stub}
  0x000001bab7627ffc: 48bb 0000 | 0000 0000 

  0x000001bab7628004: ;   {runtime_call nmethod}
  0x000001bab7628004: 0000 e9fb 

  0x000001bab7628008: ;   {static_stub}
  0x000001bab7628008: ffff ff48 | bb00 0000 | 0000 0000 

  0x000001bab7628014: ;   {runtime_call nmethod}
  0x000001bab7628014: 00e9 fbff 

  0x000001bab7628018: ;   {static_stub}
  0x000001bab7628018: ffff 48bb | 0000 0000 | 0000 0000 

  0x000001bab7628024: ;   {runtime_call nmethod}
  0x000001bab7628024: e9fb ffff 

  0x000001bab7628028: ;   {static_stub}
  0x000001bab7628028: ff48 bb00 | 0000 0000 

  0x000001bab7628030: ;   {runtime_call nmethod}
  0x000001bab7628030: 0000 00e9 | fbff ffff 

  0x000001bab7628038: ;   {static_stub}
  0x000001bab7628038: 48bb 0000 | 0000 0000 

  0x000001bab7628040: ;   {runtime_call nmethod}
  0x000001bab7628040: 0000 e9fb 

  0x000001bab7628044: ;   {static_stub}
  0x000001bab7628044: ffff ff48 | bb00 0000 | 0000 0000 

  0x000001bab7628050: ;   {runtime_call nmethod}
  0x000001bab7628050: 00e9 fbff 

  0x000001bab7628054: ;   {static_stub}
  0x000001bab7628054: ffff 48bb | 0000 0000 | 0000 0000 

  0x000001bab7628060: ;   {runtime_call nmethod}
  0x000001bab7628060: e9fb ffff 

  0x000001bab7628064: ;   {static_stub}
  0x000001bab7628064: ff48 bb00 | 0000 0000 

  0x000001bab762806c: ;   {runtime_call nmethod}
  0x000001bab762806c: 0000 00e9 | fbff ffff 

  0x000001bab7628074: ;   {static_stub}
  0x000001bab7628074: 48bb 0000 | 0000 0000 

  0x000001bab762807c: ;   {runtime_call nmethod}
  0x000001bab762807c: 0000 e9fb 

  0x000001bab7628080: ;   {static_stub}
  0x000001bab7628080: ffff ff48 | bb00 0000 | 0000 0000 

  0x000001bab762808c: ;   {runtime_call nmethod}
  0x000001bab762808c: 00e9 fbff 

  0x000001bab7628090: ;   {static_stub}
  0x000001bab7628090: ffff 48bb | 0000 0000 | 0000 0000 

  0x000001bab762809c: ;   {runtime_call nmethod}
  0x000001bab762809c: e9fb ffff 

  0x000001bab76280a0: ;   {static_stub}
  0x000001bab76280a0: ff48 bb00 | 0000 0000 

  0x000001bab76280a8: ;   {runtime_call nmethod}
  0x000001bab76280a8: 0000 00e9 | fbff ffff 

  0x000001bab76280b0: ;   {static_stub}
  0x000001bab76280b0: 48bb 0000 | 0000 0000 

  0x000001bab76280b8: ;   {runtime_call nmethod}
  0x000001bab76280b8: 0000 e9fb 

  0x000001bab76280bc: ;   {static_stub}
  0x000001bab76280bc: ffff ff48 | bb00 0000 | 0000 0000 

  0x000001bab76280c8: ;   {runtime_call nmethod}
  0x000001bab76280c8: 00e9 fbff 

  0x000001bab76280cc: ;   {runtime_call ExceptionBlob}
  0x000001bab76280cc: ffff e92d | bcb3 ffe8 | 0000 0000 | 4883 2c24 

  0x000001bab76280dc: ;   {runtime_call DeoptimizationBlob}
  0x000001bab76280dc: 05e9 3efd | a6ff f4f4 | f4f4 f4f4 
[/MachCode]


---------------  P R O C E S S  ---------------

Threads class SMR info:
_java_thread_list=0x000001bac481fb70, length=12, elements={
0x000001baa733e280, 0x000001bac465e620, 0x000001bac4661350, 0x000001bac4667250,
0x000001bac4668490, 0x000001bac4668fe0, 0x000001bac466bb40, 0x000001bac466e8f0,
0x000001bac46794e0, 0x000001bac482cb70, 0x000001bac48c8850, 0x000001bac4923010
}

Java Threads: ( => current thread )
=>0x000001baa733e280 JavaThread "main"                              [_thread_in_native, id=16128, stack(0x000000b35a500000,0x000000b35a600000) (1024K)]
  0x000001bac465e620 JavaThread "Reference Handler"          daemon [_thread_blocked, id=26132, stack(0x000000b35ad00000,0x000000b35ae00000) (1024K)]
  0x000001bac4661350 JavaThread "Finalizer"                  daemon [_thread_blocked, id=28472, stack(0x000000b35ae00000,0x000000b35af00000) (1024K)]
  0x000001bac4667250 JavaThread "Signal Dispatcher"          daemon [_thread_blocked, id=10436, stack(0x000000b35af00000,0x000000b35b000000) (1024K)]
  0x000001bac4668490 JavaThread "Attach Listener"            daemon [_thread_blocked, id=20628, stack(0x000000b35b000000,0x000000b35b100000) (1024K)]
  0x000001bac4668fe0 JavaThread "Service Thread"             daemon [_thread_blocked, id=34764, stack(0x000000b35b100000,0x000000b35b200000) (1024K)]
  0x000001bac466bb40 JavaThread "Monitor Deflation Thread"   daemon [_thread_blocked, id=472, stack(0x000000b35b200000,0x000000b35b300000) (1024K)]
  0x000001bac466e8f0 JavaThread "C2 CompilerThread0"         daemon [_thread_blocked, id=30924, stack(0x000000b35b300000,0x000000b35b400000) (1024K)]
  0x000001bac46794e0 JavaThread "C1 CompilerThread0"         daemon [_thread_blocked, id=31200, stack(0x000000b35b400000,0x000000b35b500000) (1024K)]
  0x000001bac482cb70 JavaThread "Common-Cleaner"             daemon [_thread_blocked, id=11036, stack(0x000000b35b500000,0x000000b35b600000) (1024K)]
  0x000001bac48c8850 JavaThread "Monitor Ctrl-Break"         daemon [_thread_in_native, id=34412, stack(0x000000b35b600000,0x000000b35b700000) (1024K)]
  0x000001bac4923010 JavaThread "Notification Thread"        daemon [_thread_blocked, id=23940, stack(0x000000b35b700000,0x000000b35b800000) (1024K)]
Total: 12

Other Threads:
  0x000001bac4649770 VMThread "VM Thread"                           [id=28240, stack(0x000000b35ac00000,0x000000b35ad00000) (1024K)]
  0x000001bac46355d0 WatcherThread "VM Periodic Task Thread"        [id=29448, stack(0x000000b35ab00000,0x000000b35ac00000) (1024K)]
  0x000001baa7393980 WorkerThread "GC Thread#0"                     [id=12244, stack(0x000000b35a600000,0x000000b35a700000) (1024K)]
  0x000001be6a677c20 WorkerThread "GC Thread#1"                     [id=26892, stack(0x000000b35a200000,0x000000b35a300000) (1024K)]
  0x000001bd9dc07c20 WorkerThread "GC Thread#2"                     [id=8772, stack(0x000000b35a300000,0x000000b35a400000) (1024K)]
  0x000001bd0e5c4c20 WorkerThread "GC Thread#3"                     [id=24152, stack(0x000000b35a400000,0x000000b35a500000) (1024K)]
  0x000001bb4e99cc20 WorkerThread "GC Thread#4"                     [id=11000, stack(0x000000b35b800000,0x000000b35b900000) (1024K)]
  0x000001bb489fcc20 WorkerThread "GC Thread#5"                     [id=21176, stack(0x000000b35b900000,0x000000b35ba00000) (1024K)]
  0x000001bb5493cc20 WorkerThread "GC Thread#6"                     [id=18768, stack(0x000000b35bf00000,0x000000b35c000000) (1024K)]
  0x000001baa73a40f0 ConcurrentGCThread "G1 Main Marker"            [id=31552, stack(0x000000b35a700000,0x000000b35a800000) (1024K)]
  0x000001baa73a4db0 WorkerThread "G1 Conc#0"                       [id=14376, stack(0x000000b35a800000,0x000000b35a900000) (1024K)]
  0x000001bac4505590 ConcurrentGCThread "G1 Refine#0"               [id=12916, stack(0x000000b35a900000,0x000000b35aa00000) (1024K)]
  0x000001bac4506110 ConcurrentGCThread "G1 Service"                [id=29648, stack(0x000000b35aa00000,0x000000b35ab00000) (1024K)]
Total: 13

Threads with active compile tasks:
Total: 0

VM state: not at safepoint (normal execution)

VM Mutex/Monitor currently owned by a thread: None

Heap address: 0x0000000084400000, size: 1980 MB, Compressed Oops mode: 32-bit

CDS archive(s) mapped at: [0x000001bac5000000-0x000001bac5c80000-0x000001bac5c80000), size 13107200, SharedBaseAddress: 0x000001bac5000000, ArchiveRelocationMode: 1.
Compressed class space mapped at: 0x000001bac6000000-0x000001bb06000000, reserved size: 1073741824
Narrow klass base: 0x000001bac5000000, Narrow klass shift: 0, Narrow klass range: 0x100000000

GC Precious Log:
 CardTable entry size: 512
 Card Set container configuration: InlinePtr #cards 5 size 8 Array Of Cards #cards 12 size 40 Howl #buckets 4 coarsen threshold 1843 Howl Bitmap #cards 512 size 80 coarsen threshold 460 Card regions per heap region 1 cards per card region 2048
 CPUs: 8 total, 8 available
 Memory: 7918M
 Large Page Support: Disabled
 NUMA Support: Disabled
 Compressed Oops: Enabled (32-bit)
 Heap Region Size: 1M
 Heap Min Capacity: 8M
 Heap Initial Capacity: 124M
 Heap Max Capacity: 1980M
 Pre-touch: Disabled
 Parallel Workers: 8
 Concurrent Workers: 2
 Concurrent Refinement Workers: 8
 Periodic GC: Disabled

Heap:
 garbage-first heap   total 126976K, used 1920K [0x0000000084400000, 0x0000000100000000)
  region size 1024K, 3 young (3072K), 2 survivors (2048K)
 Metaspace       used 4429K, committed 4608K, reserved 1114112K
  class space    used 263K, committed 320K, reserved 1048576K

Heap Regions: E=young(eden), S=young(survivor), O=old, HS=humongous(starts), HC=humongous(continues), CS=collection set, F=free, TAMS=top-at-mark-start, PB=parsable bottom
|   0|0x0000000084400000, 0x0000000084400000, 0x0000000084500000|  0%| F|  |TAMS 0x0000000084400000| PB 0x0000000084400000| Untracked 
|   1|0x0000000084500000, 0x0000000084500000, 0x0000000084600000|  0%| F|  |TAMS 0x0000000084500000| PB 0x0000000084500000| Untracked 
|   2|0x0000000084600000, 0x0000000084600000, 0x0000000084700000|  0%| F|  |TAMS 0x0000000084600000| PB 0x0000000084600000| Untracked 
|   3|0x0000000084700000, 0x0000000084700000, 0x0000000084800000|  0%| F|  |TAMS 0x0000000084700000| PB 0x0000000084700000| Untracked 
|   4|0x0000000084800000, 0x0000000084800000, 0x0000000084900000|  0%| F|  |TAMS 0x0000000084800000| PB 0x0000000084800000| Untracked 
|   5|0x0000000084900000, 0x0000000084900000, 0x0000000084a00000|  0%| F|  |TAMS 0x0000000084900000| PB 0x0000000084900000| Untracked 
|   6|0x0000000084a00000, 0x0000000084a00000, 0x0000000084b00000|  0%| F|  |TAMS 0x0000000084a00000| PB 0x0000000084a00000| Untracked 
|   7|0x0000000084b00000, 0x0000000084b00000, 0x0000000084c00000|  0%| F|  |TAMS 0x0000000084b00000| PB 0x0000000084b00000| Untracked 
|   8|0x0000000084c00000, 0x0000000084c00000, 0x0000000084d00000|  0%| F|  |TAMS 0x0000000084c00000| PB 0x0000000084c00000| Untracked 
|   9|0x0000000084d00000, 0x0000000084d00000, 0x0000000084e00000|  0%| F|  |TAMS 0x0000000084d00000| PB 0x0000000084d00000| Untracked 
|  10|0x0000000084e00000, 0x0000000084e00000, 0x0000000084f00000|  0%| F|  |TAMS 0x0000000084e00000| PB 0x0000000084e00000| Untracked 
|  11|0x0000000084f00000, 0x0000000084f00000, 0x0000000085000000|  0%| F|  |TAMS 0x0000000084f00000| PB 0x0000000084f00000| Untracked 
|  12|0x0000000085000000, 0x0000000085000000, 0x0000000085100000|  0%| F|  |TAMS 0x0000000085000000| PB 0x0000000085000000| Untracked 
|  13|0x0000000085100000, 0x0000000085100000, 0x0000000085200000|  0%| F|  |TAMS 0x0000000085100000| PB 0x0000000085100000| Untracked 
|  14|0x0000000085200000, 0x0000000085200000, 0x0000000085300000|  0%| F|  |TAMS 0x0000000085200000| PB 0x0000000085200000| Untracked 
|  15|0x0000000085300000, 0x0000000085300000, 0x0000000085400000|  0%| F|  |TAMS 0x0000000085300000| PB 0x0000000085300000| Untracked 
|  16|0x0000000085400000, 0x0000000085400000, 0x0000000085500000|  0%| F|  |TAMS 0x0000000085400000| PB 0x0000000085400000| Untracked 
|  17|0x0000000085500000, 0x0000000085500000, 0x0000000085600000|  0%| F|  |TAMS 0x0000000085500000| PB 0x0000000085500000| Untracked 
|  18|0x0000000085600000, 0x0000000085600000, 0x0000000085700000|  0%| F|  |TAMS 0x0000000085600000| PB 0x0000000085600000| Untracked 
|  19|0x0000000085700000, 0x0000000085700000, 0x0000000085800000|  0%| F|  |TAMS 0x0000000085700000| PB 0x0000000085700000| Untracked 
|  20|0x0000000085800000, 0x0000000085800000, 0x0000000085900000|  0%| F|  |TAMS 0x0000000085800000| PB 0x0000000085800000| Untracked 
|  21|0x0000000085900000, 0x0000000085900000, 0x0000000085a00000|  0%| F|  |TAMS 0x0000000085900000| PB 0x0000000085900000| Untracked 
|  22|0x0000000085a00000, 0x0000000085a00000, 0x0000000085b00000|  0%| F|  |TAMS 0x0000000085a00000| PB 0x0000000085a00000| Untracked 
|  23|0x0000000085b00000, 0x0000000085b00000, 0x0000000085c00000|  0%| F|  |TAMS 0x0000000085b00000| PB 0x0000000085b00000| Untracked 
|  24|0x0000000085c00000, 0x0000000085c00000, 0x0000000085d00000|  0%| F|  |TAMS 0x0000000085c00000| PB 0x0000000085c00000| Untracked 
|  25|0x0000000085d00000, 0x0000000085d00000, 0x0000000085e00000|  0%| F|  |TAMS 0x0000000085d00000| PB 0x0000000085d00000| Untracked 
|  26|0x0000000085e00000, 0x0000000085e00000, 0x0000000085f00000|  0%| F|  |TAMS 0x0000000085e00000| PB 0x0000000085e00000| Untracked 
|  27|0x0000000085f00000, 0x0000000085f00000, 0x0000000086000000|  0%| F|  |TAMS 0x0000000085f00000| PB 0x0000000085f00000| Untracked 
|  28|0x0000000086000000, 0x0000000086000000, 0x0000000086100000|  0%| F|  |TAMS 0x0000000086000000| PB 0x0000000086000000| Untracked 
|  29|0x0000000086100000, 0x0000000086100000, 0x0000000086200000|  0%| F|  |TAMS 0x0000000086100000| PB 0x0000000086100000| Untracked 
|  30|0x0000000086200000, 0x0000000086200000, 0x0000000086300000|  0%| F|  |TAMS 0x0000000086200000| PB 0x0000000086200000| Untracked 
|  31|0x0000000086300000, 0x0000000086300000, 0x0000000086400000|  0%| F|  |TAMS 0x0000000086300000| PB 0x0000000086300000| Untracked 
|  32|0x0000000086400000, 0x0000000086400000, 0x0000000086500000|  0%| F|  |TAMS 0x0000000086400000| PB 0x0000000086400000| Untracked 
|  33|0x0000000086500000, 0x0000000086500000, 0x0000000086600000|  0%| F|  |TAMS 0x0000000086500000| PB 0x0000000086500000| Untracked 
|  34|0x0000000086600000, 0x0000000086600000, 0x0000000086700000|  0%| F|  |TAMS 0x0000000086600000| PB 0x0000000086600000| Untracked 
|  35|0x0000000086700000, 0x0000000086700000, 0x0000000086800000|  0%| F|  |TAMS 0x0000000086700000| PB 0x0000000086700000| Untracked 
|  36|0x0000000086800000, 0x0000000086800000, 0x0000000086900000|  0%| F|  |TAMS 0x0000000086800000| PB 0x0000000086800000| Untracked 
|  37|0x0000000086900000, 0x0000000086900000, 0x0000000086a00000|  0%| F|  |TAMS 0x0000000086900000| PB 0x0000000086900000| Untracked 
|  38|0x0000000086a00000, 0x0000000086a00000, 0x0000000086b00000|  0%| F|  |TAMS 0x0000000086a00000| PB 0x0000000086a00000| Untracked 
|  39|0x0000000086b00000, 0x0000000086b00000, 0x0000000086c00000|  0%| F|  |TAMS 0x0000000086b00000| PB 0x0000000086b00000| Untracked 
|  40|0x0000000086c00000, 0x0000000086c00000, 0x0000000086d00000|  0%| F|  |TAMS 0x0000000086c00000| PB 0x0000000086c00000| Untracked 
|  41|0x0000000086d00000, 0x0000000086d00000, 0x0000000086e00000|  0%| F|  |TAMS 0x0000000086d00000| PB 0x0000000086d00000| Untracked 
|  42|0x0000000086e00000, 0x0000000086e00000, 0x0000000086f00000|  0%| F|  |TAMS 0x0000000086e00000| PB 0x0000000086e00000| Untracked 
|  43|0x0000000086f00000, 0x0000000086f00000, 0x0000000087000000|  0%| F|  |TAMS 0x0000000086f00000| PB 0x0000000086f00000| Untracked 
|  44|0x0000000087000000, 0x0000000087000000, 0x0000000087100000|  0%| F|  |TAMS 0x0000000087000000| PB 0x0000000087000000| Untracked 
|  45|0x0000000087100000, 0x0000000087100000, 0x0000000087200000|  0%| F|  |TAMS 0x0000000087100000| PB 0x0000000087100000| Untracked 
|  46|0x0000000087200000, 0x0000000087200000, 0x0000000087300000|  0%| F|  |TAMS 0x0000000087200000| PB 0x0000000087200000| Untracked 
|  47|0x0000000087300000, 0x0000000087300000, 0x0000000087400000|  0%| F|  |TAMS 0x0000000087300000| PB 0x0000000087300000| Untracked 
|  48|0x0000000087400000, 0x0000000087400000, 0x0000000087500000|  0%| F|  |TAMS 0x0000000087400000| PB 0x0000000087400000| Untracked 
|  49|0x0000000087500000, 0x0000000087500000, 0x0000000087600000|  0%| F|  |TAMS 0x0000000087500000| PB 0x0000000087500000| Untracked 
|  50|0x0000000087600000, 0x0000000087600000, 0x0000000087700000|  0%| F|  |TAMS 0x0000000087600000| PB 0x0000000087600000| Untracked 
|  51|0x0000000087700000, 0x0000000087700000, 0x0000000087800000|  0%| F|  |TAMS 0x0000000087700000| PB 0x0000000087700000| Untracked 
|  52|0x0000000087800000, 0x0000000087800000, 0x0000000087900000|  0%| F|  |TAMS 0x0000000087800000| PB 0x0000000087800000| Untracked 
|  53|0x0000000087900000, 0x0000000087900000, 0x0000000087a00000|  0%| F|  |TAMS 0x0000000087900000| PB 0x0000000087900000| Untracked 
|  54|0x0000000087a00000, 0x0000000087a00000, 0x0000000087b00000|  0%| F|  |TAMS 0x0000000087a00000| PB 0x0000000087a00000| Untracked 
|  55|0x0000000087b00000, 0x0000000087b00000, 0x0000000087c00000|  0%| F|  |TAMS 0x0000000087b00000| PB 0x0000000087b00000| Untracked 
|  56|0x0000000087c00000, 0x0000000087c00000, 0x0000000087d00000|  0%| F|  |TAMS 0x0000000087c00000| PB 0x0000000087c00000| Untracked 
|  57|0x0000000087d00000, 0x0000000087d00000, 0x0000000087e00000|  0%| F|  |TAMS 0x0000000087d00000| PB 0x0000000087d00000| Untracked 
|  58|0x0000000087e00000, 0x0000000087e00000, 0x0000000087f00000|  0%| F|  |TAMS 0x0000000087e00000| PB 0x0000000087e00000| Untracked 
|  59|0x0000000087f00000, 0x0000000087f00000, 0x0000000088000000|  0%| F|  |TAMS 0x0000000087f00000| PB 0x0000000087f00000| Untracked 
|  60|0x0000000088000000, 0x0000000088000000, 0x0000000088100000|  0%| F|  |TAMS 0x0000000088000000| PB 0x0000000088000000| Untracked 
|  61|0x0000000088100000, 0x0000000088100000, 0x0000000088200000|  0%| F|  |TAMS 0x0000000088100000| PB 0x0000000088100000| Untracked 
|  62|0x0000000088200000, 0x0000000088200000, 0x0000000088300000|  0%| F|  |TAMS 0x0000000088200000| PB 0x0000000088200000| Untracked 
|  63|0x0000000088300000, 0x0000000088300000, 0x0000000088400000|  0%| F|  |TAMS 0x0000000088300000| PB 0x0000000088300000| Untracked 
|  64|0x0000000088400000, 0x0000000088400000, 0x0000000088500000|  0%| F|  |TAMS 0x0000000088400000| PB 0x0000000088400000| Untracked 
|  65|0x0000000088500000, 0x0000000088500000, 0x0000000088600000|  0%| F|  |TAMS 0x0000000088500000| PB 0x0000000088500000| Untracked 
|  66|0x0000000088600000, 0x0000000088600000, 0x0000000088700000|  0%| F|  |TAMS 0x0000000088600000| PB 0x0000000088600000| Untracked 
|  67|0x0000000088700000, 0x0000000088700000, 0x0000000088800000|  0%| F|  |TAMS 0x0000000088700000| PB 0x0000000088700000| Untracked 
|  68|0x0000000088800000, 0x0000000088800000, 0x0000000088900000|  0%| F|  |TAMS 0x0000000088800000| PB 0x0000000088800000| Untracked 
|  69|0x0000000088900000, 0x0000000088900000, 0x0000000088a00000|  0%| F|  |TAMS 0x0000000088900000| PB 0x0000000088900000| Untracked 
|  70|0x0000000088a00000, 0x0000000088a00000, 0x0000000088b00000|  0%| F|  |TAMS 0x0000000088a00000| PB 0x0000000088a00000| Untracked 
|  71|0x0000000088b00000, 0x0000000088b00000, 0x0000000088c00000|  0%| F|  |TAMS 0x0000000088b00000| PB 0x0000000088b00000| Untracked 
|  72|0x0000000088c00000, 0x0000000088c00000, 0x0000000088d00000|  0%| F|  |TAMS 0x0000000088c00000| PB 0x0000000088c00000| Untracked 
|  73|0x0000000088d00000, 0x0000000088d00000, 0x0000000088e00000|  0%| F|  |TAMS 0x0000000088d00000| PB 0x0000000088d00000| Untracked 
|  74|0x0000000088e00000, 0x0000000088e00000, 0x0000000088f00000|  0%| F|  |TAMS 0x0000000088e00000| PB 0x0000000088e00000| Untracked 
|  75|0x0000000088f00000, 0x0000000088f00000, 0x0000000089000000|  0%| F|  |TAMS 0x0000000088f00000| PB 0x0000000088f00000| Untracked 
|  76|0x0000000089000000, 0x0000000089000000, 0x0000000089100000|  0%| F|  |TAMS 0x0000000089000000| PB 0x0000000089000000| Untracked 
|  77|0x0000000089100000, 0x0000000089100000, 0x0000000089200000|  0%| F|  |TAMS 0x0000000089100000| PB 0x0000000089100000| Untracked 
|  78|0x0000000089200000, 0x0000000089200000, 0x0000000089300000|  0%| F|  |TAMS 0x0000000089200000| PB 0x0000000089200000| Untracked 
|  79|0x0000000089300000, 0x0000000089300000, 0x0000000089400000|  0%| F|  |TAMS 0x0000000089300000| PB 0x0000000089300000| Untracked 
|  80|0x0000000089400000, 0x0000000089400000, 0x0000000089500000|  0%| F|  |TAMS 0x0000000089400000| PB 0x0000000089400000| Untracked 
|  81|0x0000000089500000, 0x0000000089500000, 0x0000000089600000|  0%| F|  |TAMS 0x0000000089500000| PB 0x0000000089500000| Untracked 
|  82|0x0000000089600000, 0x0000000089600000, 0x0000000089700000|  0%| F|  |TAMS 0x0000000089600000| PB 0x0000000089600000| Untracked 
|  83|0x0000000089700000, 0x0000000089700000, 0x0000000089800000|  0%| F|  |TAMS 0x0000000089700000| PB 0x0000000089700000| Untracked 
|  84|0x0000000089800000, 0x0000000089800000, 0x0000000089900000|  0%| F|  |TAMS 0x0000000089800000| PB 0x0000000089800000| Untracked 
|  85|0x0000000089900000, 0x0000000089900000, 0x0000000089a00000|  0%| F|  |TAMS 0x0000000089900000| PB 0x0000000089900000| Untracked 
|  86|0x0000000089a00000, 0x0000000089a00000, 0x0000000089b00000|  0%| F|  |TAMS 0x0000000089a00000| PB 0x0000000089a00000| Untracked 
|  87|0x0000000089b00000, 0x0000000089b00000, 0x0000000089c00000|  0%| F|  |TAMS 0x0000000089b00000| PB 0x0000000089b00000| Untracked 
|  88|0x0000000089c00000, 0x0000000089c00000, 0x0000000089d00000|  0%| F|  |TAMS 0x0000000089c00000| PB 0x0000000089c00000| Untracked 
|  89|0x0000000089d00000, 0x0000000089d00000, 0x0000000089e00000|  0%| F|  |TAMS 0x0000000089d00000| PB 0x0000000089d00000| Untracked 
|  90|0x0000000089e00000, 0x0000000089e00000, 0x0000000089f00000|  0%| F|  |TAMS 0x0000000089e00000| PB 0x0000000089e00000| Untracked 
|  91|0x0000000089f00000, 0x0000000089f00000, 0x000000008a000000|  0%| F|  |TAMS 0x0000000089f00000| PB 0x0000000089f00000| Untracked 
|  92|0x000000008a000000, 0x000000008a000000, 0x000000008a100000|  0%| F|  |TAMS 0x000000008a000000| PB 0x000000008a000000| Untracked 
|  93|0x000000008a100000, 0x000000008a100000, 0x000000008a200000|  0%| F|  |TAMS 0x000000008a100000| PB 0x000000008a100000| Untracked 
|  94|0x000000008a200000, 0x000000008a200000, 0x000000008a300000|  0%| F|  |TAMS 0x000000008a200000| PB 0x000000008a200000| Untracked 
|  95|0x000000008a300000, 0x000000008a300000, 0x000000008a400000|  0%| F|  |TAMS 0x000000008a300000| PB 0x000000008a300000| Untracked 
|  96|0x000000008a400000, 0x000000008a400000, 0x000000008a500000|  0%| F|  |TAMS 0x000000008a400000| PB 0x000000008a400000| Untracked 
|  97|0x000000008a500000, 0x000000008a500000, 0x000000008a600000|  0%| F|  |TAMS 0x000000008a500000| PB 0x000000008a500000| Untracked 
|  98|0x000000008a600000, 0x000000008a600000, 0x000000008a700000|  0%| F|  |TAMS 0x000000008a600000| PB 0x000000008a600000| Untracked 
|  99|0x000000008a700000, 0x000000008a7e0000, 0x000000008a800000| 87%| S|CS|TAMS 0x000000008a700000| PB 0x000000008a700000| Complete 
| 100|0x000000008a800000, 0x000000008a900000, 0x000000008a900000|100%| S|CS|TAMS 0x000000008a800000| PB 0x000000008a800000| Complete 
| 101|0x000000008a900000, 0x000000008a900000, 0x000000008aa00000|  0%| F|  |TAMS 0x000000008a900000| PB 0x000000008a900000| Untracked 
| 102|0x000000008aa00000, 0x000000008aa00000, 0x000000008ab00000|  0%| F|  |TAMS 0x000000008aa00000| PB 0x000000008aa00000| Untracked 
| 103|0x000000008ab00000, 0x000000008ab00000, 0x000000008ac00000|  0%| F|  |TAMS 0x000000008ab00000| PB 0x000000008ab00000| Untracked 
| 104|0x000000008ac00000, 0x000000008ac00000, 0x000000008ad00000|  0%| F|  |TAMS 0x000000008ac00000| PB 0x000000008ac00000| Untracked 
| 105|0x000000008ad00000, 0x000000008ad00000, 0x000000008ae00000|  0%| F|  |TAMS 0x000000008ad00000| PB 0x000000008ad00000| Untracked 
| 106|0x000000008ae00000, 0x000000008ae00000, 0x000000008af00000|  0%| F|  |TAMS 0x000000008ae00000| PB 0x000000008ae00000| Untracked 
| 107|0x000000008af00000, 0x000000008af00000, 0x000000008b000000|  0%| F|  |TAMS 0x000000008af00000| PB 0x000000008af00000| Untracked 
| 108|0x000000008b000000, 0x000000008b000000, 0x000000008b100000|  0%| F|  |TAMS 0x000000008b000000| PB 0x000000008b000000| Untracked 
| 109|0x000000008b100000, 0x000000008b100000, 0x000000008b200000|  0%| F|  |TAMS 0x000000008b100000| PB 0x000000008b100000| Untracked 
| 110|0x000000008b200000, 0x000000008b200000, 0x000000008b300000|  0%| F|  |TAMS 0x000000008b200000| PB 0x000000008b200000| Untracked 
| 111|0x000000008b300000, 0x000000008b300000, 0x000000008b400000|  0%| F|  |TAMS 0x000000008b300000| PB 0x000000008b300000| Untracked 
| 112|0x000000008b400000, 0x000000008b400000, 0x000000008b500000|  0%| F|  |TAMS 0x000000008b400000| PB 0x000000008b400000| Untracked 
| 113|0x000000008b500000, 0x000000008b500000, 0x000000008b600000|  0%| F|  |TAMS 0x000000008b500000| PB 0x000000008b500000| Untracked 
| 114|0x000000008b600000, 0x000000008b600000, 0x000000008b700000|  0%| F|  |TAMS 0x000000008b600000| PB 0x000000008b600000| Untracked 
| 115|0x000000008b700000, 0x000000008b700000, 0x000000008b800000|  0%| F|  |TAMS 0x000000008b700000| PB 0x000000008b700000| Untracked 
| 116|0x000000008b800000, 0x000000008b800000, 0x000000008b900000|  0%| F|  |TAMS 0x000000008b800000| PB 0x000000008b800000| Untracked 
| 117|0x000000008b900000, 0x000000008b900000, 0x000000008ba00000|  0%| F|  |TAMS 0x000000008b900000| PB 0x000000008b900000| Untracked 
| 118|0x000000008ba00000, 0x000000008ba00000, 0x000000008bb00000|  0%| F|  |TAMS 0x000000008ba00000| PB 0x000000008ba00000| Untracked 
| 119|0x000000008bb00000, 0x000000008bb00000, 0x000000008bc00000|  0%| F|  |TAMS 0x000000008bb00000| PB 0x000000008bb00000| Untracked 
| 120|0x000000008bc00000, 0x000000008bc00000, 0x000000008bd00000|  0%| F|  |TAMS 0x000000008bc00000| PB 0x000000008bc00000| Untracked 
| 121|0x000000008bd00000, 0x000000008bd00000, 0x000000008be00000|  0%| F|  |TAMS 0x000000008bd00000| PB 0x000000008bd00000| Untracked 
| 122|0x000000008be00000, 0x000000008be00000, 0x000000008bf00000|  0%| F|  |TAMS 0x000000008be00000| PB 0x000000008be00000| Untracked 
| 123|0x000000008bf00000, 0x000000008bf75c50, 0x000000008c000000| 46%| E|  |TAMS 0x000000008bf00000| PB 0x000000008bf00000| Complete 

Card table byte_map: [0x000001babf960000,0x000001babfd40000] _byte_map_base: 0x000001babf53e000

Marking Bits: (CMBitMap*) 0x000001baa7394090
 Bits: [0x000001babfd40000, 0x000001bac1c30000)

Polling page: 0x000001baa5a00000

Metaspace:

Usage:
  Non-class:      4.07 MB used.
      Class:    263.55 KB used.
       Both:      4.33 MB used.

Virtual space:
  Non-class space:       64.00 MB reserved,       4.19 MB (  7%) committed,  1 nodes.
      Class space:        1.00 GB reserved,     320.00 KB ( <1%) committed,  1 nodes.
             Both:        1.06 GB reserved,       4.50 MB ( <1%) committed. 

Chunk freelists:
   Non-Class:  9.73 MB
       Class:  15.63 MB
        Both:  25.37 MB

MaxMetaspaceSize: unlimited
CompressedClassSpaceSize: 1.00 GB
Initial GC threshold: 21.00 MB
Current GC threshold: 21.00 MB
CDS: on
 - commit_granule_bytes: 65536.
 - commit_granule_words: 8192.
 - virtual_space_node_default_size: 8388608.
 - enlarge_chunks_in_place: 1.
 - use_allocation_guard: 0.


Internal statistics:

num_allocs_failed_limit: 0.
num_arena_births: 82.
num_arena_deaths: 0.
num_vsnodes_births: 2.
num_vsnodes_deaths: 0.
num_space_committed: 70.
num_space_uncommitted: 0.
num_chunks_returned_to_freelist: 0.
num_chunks_taken_from_freelist: 181.
num_chunk_merges: 0.
num_chunk_splits: 124.
num_chunks_enlarged: 89.
num_inconsistent_stats: 0.

CodeHeap 'non-profiled nmethods': size=120000Kb used=293Kb max_used=293Kb free=119706Kb
 bounds [0x000001bab75e0000, 0x000001bab7850000, 0x000001babeb10000]
CodeHeap 'profiled nmethods': size=120000Kb used=1160Kb max_used=1160Kb free=118840Kb
 bounds [0x000001baafb10000, 0x000001baafd80000, 0x000001bab7040000]
CodeHeap 'non-nmethods': size=5760Kb used=2207Kb max_used=2224Kb free=3552Kb
 bounds [0x000001bab7040000, 0x000001bab72b0000, 0x000001bab75e0000]
CodeCache: size=245760Kb, used=3660Kb, max_used=3677Kb, free=242098Kb
 total_blobs=1932, nmethods=841, adapters=996, full_count=0
Compilation: enabled, stopped_count=0, restarted_count=0

Compilation events (20 events):
Event: 3.200 Thread 0x000001bac466e8f0  832       4       jdk.internal.misc.Unsafe::checkSize (32 bytes)
Event: 3.200 Thread 0x000001bac466e8f0 nmethod 832 0x000001bab7623810 code [0x000001bab76239a0, 0x000001bab7623a58]
Event: 3.230 Thread 0x000001bac466e8f0  833       4       jdk.internal.misc.Unsafe::copyMemory (33 bytes)
Event: 3.233 Thread 0x000001bac466e8f0 nmethod 833 0x000001bab7623b10 code [0x000001bab7623cc0, 0x000001bab7624088]
Event: 3.401 Thread 0x000001bac466e8f0  834       4       org.lwjgl.system.APIUtil::apiCheckAllocation (46 bytes)
Event: 3.401 Thread 0x000001bac466e8f0 nmethod 834 0x000001bab7624410 code [0x000001bab7624580, 0x000001bab76245e8]
Event: 3.401 Thread 0x000001bac466e8f0  835       4       core.managment.WindowManager::drawTriangle (94 bytes)
Event: 3.417 Thread 0x000001bac466e8f0 nmethod 835 0x000001bab7624710 code [0x000001bab7624a20, 0x000001bab7625498]
Event: 3.417 Thread 0x000001bac466e8f0  836       4       org.lwjgl.glfw.GLFW::glfwPollEvents (9 bytes)
Event: 3.417 Thread 0x000001bac466e8f0 nmethod 836 0x000001bab7626710 code [0x000001bab76268a0, 0x000001bab7626940]
Event: 3.444 Thread 0x000001bac466e8f0  837       4       core.managment.WindowManager::shouldClose (8 bytes)
Event: 3.445 Thread 0x000001bac466e8f0 nmethod 837 0x000001bab7626a10 code [0x000001bab7626ba0, 0x000001bab7626cb0]
Event: 22.763 Thread 0x000001bac46794e0  838 %     3       Main::main @ 57 (118 bytes)
Event: 22.784 Thread 0x000001bac46794e0 nmethod 838% 0x000001baafc30890 code [0x000001baafc30ae0, 0x000001baafc31220]
Event: 23.287 Thread 0x000001bac46794e0  839       3       Main::main (118 bytes)
Event: 23.289 Thread 0x000001bac46794e0 nmethod 839 0x000001baafc31490 code [0x000001baafc316e0, 0x000001baafc31d98]
Event: 23.764 Thread 0x000001bac466e8f0  840       4       org.lwjgl.glfw.GLFW::glfwWindowShouldClose (29 bytes)
Event: 23.767 Thread 0x000001bac466e8f0 nmethod 840 0x000001bab7626e10 code [0x000001bab7626fa0, 0x000001bab7627088]
Event: 43.172 Thread 0x000001bac466e8f0  841 %     4       Main::main @ 57 (118 bytes)
Event: 43.313 Thread 0x000001bac466e8f0 nmethod 841% 0x000001bab7627190 code [0x000001bab76274e0, 0x000001bab76280e8]

GC Heap History (2 events):
Event: 185.770 GC heap before
{Heap before GC invocations=0 (full 0):
 garbage-first heap   total 126976K, used 22528K [0x0000000084400000, 0x0000000100000000)
  region size 1024K, 23 young (23552K), 0 survivors (0K)
 Metaspace       used 4428K, committed 4608K, reserved 1114112K
  class space    used 263K, committed 320K, reserved 1048576K
}
Event: 185.868 GC heap after
{Heap after GC invocations=1 (full 0):
 garbage-first heap   total 126976K, used 1920K [0x0000000084400000, 0x0000000100000000)
  region size 1024K, 2 young (2048K), 2 survivors (2048K)
 Metaspace       used 4428K, committed 4608K, reserved 1114112K
  class space    used 263K, committed 320K, reserved 1048576K
}

Dll operation events (11 events):
Event: 0.041 Loaded shared library C:\Users\ep4039855\.jdks\ms-21.0.10\bin\java.dll
Event: 0.101 Loaded shared library C:\Users\ep4039855\.jdks\ms-21.0.10\bin\jsvml.dll
Event: 0.177 Loaded shared library C:\Users\ep4039855\.jdks\ms-21.0.10\bin\zip.dll
Event: 0.184 Loaded shared library C:\Users\ep4039855\.jdks\ms-21.0.10\bin\instrument.dll
Event: 0.199 Loaded shared library C:\Users\ep4039855\.jdks\ms-21.0.10\bin\net.dll
Event: 0.210 Loaded shared library C:\Users\ep4039855\.jdks\ms-21.0.10\bin\nio.dll
Event: 0.217 Loaded shared library C:\Users\ep4039855\.jdks\ms-21.0.10\bin\zip.dll
Event: 0.270 Loaded shared library C:\Users\ep4039855\.jdks\ms-21.0.10\bin\extnet.dll
Event: 0.310 Loaded shared library C:\Users\ep4039855\.jdks\ms-21.0.10\bin\jimage.dll
Event: 0.345 Loaded shared library C:\Users\ep4039855\AppData\Local\Temp\lwjgl_ep4039855\3.4.1+2\x64\lwjgl.dll
Event: 0.906 Loaded shared library C:\Users\ep4039855\AppData\Local\Temp\lwjgl_ep4039855\3.4.1+2\x64\lwjgl_opengl.dll

Deoptimization events (20 events):
Event: 0.410 Thread 0x000001baa733e280 DEOPT PACKING pc=0x000001baafbac8cd sp=0x000000b35a5fc740
Event: 0.410 Thread 0x000001baa733e280 DEOPT UNPACKING pc=0x000001bab70986e2 sp=0x000000b35a5fbbd8 mode 0
Event: 0.410 Thread 0x000001baa733e280 DEOPT PACKING pc=0x000001baafbac8cd sp=0x000000b35a5fc740
Event: 0.410 Thread 0x000001baa733e280 DEOPT UNPACKING pc=0x000001bab70986e2 sp=0x000000b35a5fbbd8 mode 0
Event: 0.412 Thread 0x000001baa733e280 DEOPT PACKING pc=0x000001baafbac8cd sp=0x000000b35a5fc740
Event: 0.412 Thread 0x000001baa733e280 DEOPT UNPACKING pc=0x000001bab70986e2 sp=0x000000b35a5fbbd8 mode 0
Event: 0.414 Thread 0x000001baa733e280 DEOPT PACKING pc=0x000001baafbac8cd sp=0x000000b35a5fc740
Event: 0.414 Thread 0x000001baa733e280 DEOPT UNPACKING pc=0x000001bab70986e2 sp=0x000000b35a5fbbd8 mode 0
Event: 0.447 Thread 0x000001baa733e280 DEOPT PACKING pc=0x000001baafb3ac7c sp=0x000000b35a5fca20
Event: 0.447 Thread 0x000001baa733e280 DEOPT UNPACKING pc=0x000001bab70986e2 sp=0x000000b35a5fbe40 mode 0
Event: 0.919 Thread 0x000001baa733e280 Uncommon trap: trap_request=0xffffff54 fr.pc=0x000001bab7618b90 relative=0x0000000000000070
Event: 0.919 Thread 0x000001baa733e280 Uncommon trap: reason=speculate_null_assert action=make_not_entrant pc=0x000001bab7618b90 method=sun.misc.Unsafe.putLong(Ljava/lang/Object;JJ)V @ 7 c2
Event: 0.919 Thread 0x000001baa733e280 DEOPT PACKING pc=0x000001bab7618b90 sp=0x000000b35a5fec90
Event: 0.919 Thread 0x000001baa733e280 DEOPT UNPACKING pc=0x000001bab7097ba2 sp=0x000000b35a5fec08 mode 2
Event: 1.209 Thread 0x000001baa733e280 Uncommon trap: trap_request=0xffffff54 fr.pc=0x000001bab761a58c relative=0x000000000000006c
Event: 1.209 Thread 0x000001baa733e280 Uncommon trap: reason=speculate_null_assert action=make_not_entrant pc=0x000001bab761a58c method=sun.misc.Unsafe.getLong(Ljava/lang/Object;J)J @ 5 c2
Event: 1.209 Thread 0x000001baa733e280 DEOPT PACKING pc=0x000001bab761a58c sp=0x000000b35a5fed80
Event: 1.209 Thread 0x000001baa733e280 DEOPT UNPACKING pc=0x000001bab7097ba2 sp=0x000000b35a5fed08 mode 2
Event: 51.912 Thread 0x000001baa733e280 DEOPT PACKING pc=0x000001baafc310ef sp=0x000000b35a5ff0e0
Event: 51.917 Thread 0x000001baa733e280 DEOPT UNPACKING pc=0x000001bab70986e2 sp=0x000000b35a5fe5b8 mode 0

Classes loaded (20 events):
Event: 0.436 Loading class java/util/function/LongPredicate
Event: 0.436 Loading class java/util/function/LongPredicate done
Event: 0.439 Loading class java/lang/foreign/MemorySegment
Event: 0.439 Loading class java/lang/foreign/MemorySegment done
Event: 0.446 Loading class java/util/Formatter$FixedString
Event: 0.447 Loading class java/util/Formatter$FixedString done
Event: 0.451 Loading class java/nio/InvalidMarkException
Event: 0.452 Loading class java/nio/InvalidMarkException done
Event: 0.452 Loading class java/nio/BufferUnderflowException
Event: 0.452 Loading class java/nio/BufferUnderflowException done
Event: 0.454 Loading class java/lang/IndexOutOfBoundsException
Event: 0.454 Loading class java/lang/IndexOutOfBoundsException done
Event: 0.477 Loading class java/lang/NoSuchFieldError
Event: 0.477 Loading class java/lang/NoSuchFieldError done
Event: 0.491 Loading class jdk/internal/reflect/MethodHandleIntegerFieldAccessorImpl
Event: 0.491 Loading class jdk/internal/reflect/MethodHandleIntegerFieldAccessorImpl done
Event: 2.363 Loading class jdk/internal/foreign/MemorySessionImpl
Event: 2.363 Loading class java/lang/foreign/MemorySegment$Scope
Event: 2.363 Loading class java/lang/foreign/MemorySegment$Scope done
Event: 2.363 Loading class jdk/internal/foreign/MemorySessionImpl done

Classes unloaded (0 events):
No events

Classes redefined (0 events):
No events

Internal exceptions (20 events):
Event: 0.302 Thread 0x000001baa733e280 Exception <a 'java/lang/NoSuchMethodError'{0x000000008bb64220}: 'void java.lang.invoke.DelegatingMethodHandle$Holder.delegate(java.lang.Object, java.lang.Object, int, java.lang.Object)'> (0x000000008bb64220) 
thrown [s\src\hotspot\share\interpreter\linkResolver.cpp, line 773]
Event: 0.303 Thread 0x000001baa733e280 Exception <a 'java/lang/NoSuchMethodError'{0x000000008bb67fc0}: 'int java.lang.invoke.DirectMethodHandle$Holder.invokeSpecial(java.lang.Object, java.lang.Object, java.lang.Object)'> (0x000000008bb67fc0) 
thrown [s\src\hotspot\share\interpreter\linkResolver.cpp, line 773]
Event: 0.307 Thread 0x000001baa733e280 Exception <a 'java/lang/NoSuchMethodError'{0x000000008bb81970}: 'void java.lang.System.loadLibrary(java.lang.String, java.lang.Class)'> (0x000000008bb81970) 
thrown [s\src\hotspot\share\interpreter\linkResolver.cpp, line 773]
Event: 0.351 Thread 0x000001baa733e280 Exception <a 'sun/nio/fs/WindowsException'{0x000000008bbb2da8}> (0x000000008bbb2da8) 
thrown [s\src\hotspot\share\prims\jni.cpp, line 520]
Event: 0.352 Thread 0x000001baa733e280 Exception <a 'sun/nio/fs/WindowsException'{0x000000008bbb3320}> (0x000000008bbb3320) 
thrown [s\src\hotspot\share\prims\jni.cpp, line 520]
Event: 0.437 Thread 0x000001baa733e280 Exception <a 'java/lang/NoSuchMethodError'{0x000000008ba7e0b0}: 'int java.lang.invoke.DirectMethodHandle$Holder.invokeStaticInit(java.lang.Object, java.lang.Object, int, long)'> (0x000000008ba7e0b0) 
thrown [s\src\hotspot\share\interpreter\linkResolver.cpp, line 773]
Event: 0.438 Thread 0x000001baa733e280 Exception <a 'java/lang/NoSuchMethodError'{0x000000008ba831d8}: 'java.lang.Object java.lang.invoke.DirectMethodHandle$Holder.newInvokeSpecial(java.lang.Object, java.lang.Object, int)'> (0x000000008ba831d8) 
thrown [s\src\hotspot\share\interpreter\linkResolver.cpp, line 773]
Event: 0.440 Thread 0x000001baa733e280 Exception <a 'java/lang/NoSuchMethodError'{0x000000008ba8d4d0}: 'int java.lang.invoke.DirectMethodHandle$Holder.invokeStaticInit(java.lang.Object, java.lang.Object, long, long)'> (0x000000008ba8d4d0) 
thrown [s\src\hotspot\share\interpreter\linkResolver.cpp, line 773]
Event: 0.440 Thread 0x000001baa733e280 Exception <a 'java/lang/NoSuchMethodError'{0x000000008ba92f78}: 'java.lang.Object java.lang.invoke.DirectMethodHandle$Holder.newInvokeSpecial(java.lang.Object, java.lang.Object, long)'> (0x000000008ba92f78) 
thrown [s\src\hotspot\share\interpreter\linkResolver.cpp, line 773]
Event: 0.441 Thread 0x000001baa733e280 Exception <a 'java/lang/NoSuchMethodError'{0x000000008ba96df0}: 'java.lang.Object java.lang.invoke.Invokers$Holder.linkToTargetMethod(java.lang.Object, long, java.lang.Object)'> (0x000000008ba96df0) 
thrown [s\src\hotspot\share\interpreter\linkResolver.cpp, line 773]
Event: 0.442 Thread 0x000001baa733e280 Exception <a 'java/lang/NoSuchMethodError'{0x000000008ba9e038}: 'int java.lang.invoke.DirectMethodHandle$Holder.invokeStaticInit(java.lang.Object, java.lang.Object, java.lang.Object, long)'> (0x000000008ba9e038) 
thrown [s\src\hotspot\share\interpreter\linkResolver.cpp, line 773]
Event: 0.476 Thread 0x000001baa733e280 Exception <a 'sun/nio/fs/WindowsException'{0x000000008b94fd28}> (0x000000008b94fd28) 
thrown [s\src\hotspot\share\prims\jni.cpp, line 520]
Event: 0.476 Thread 0x000001baa733e280 Exception <a 'sun/nio/fs/WindowsException'{0x000000008b9500b8}> (0x000000008b9500b8) 
thrown [s\src\hotspot\share\prims\jni.cpp, line 520]
Event: 0.492 Thread 0x000001baa733e280 Exception <a 'java/lang/NoSuchMethodError'{0x000000008b961af8}: 'int java.lang.invoke.Invokers$Holder.invokeExact_MT(java.lang.Object, java.lang.Object)'> (0x000000008b961af8) 
thrown [s\src\hotspot\share\interpreter\linkResolver.cpp, line 773]
Event: 0.891 Thread 0x000001baa733e280 Exception <a 'java/lang/NoSuchMethodError'{0x000000008b9e2ae0}: 'void java.lang.System.load(java.lang.String, java.lang.Class)'> (0x000000008b9e2ae0) 
thrown [s\src\hotspot\share\interpreter\linkResolver.cpp, line 773]
Event: 0.892 Thread 0x000001baa733e280 Exception <a 'java/lang/NoSuchMethodError'{0x000000008b9e5510}: 'void java.lang.System.loadLibrary(java.lang.String, java.lang.Class)'> (0x000000008b9e5510) 
thrown [s\src\hotspot\share\interpreter\linkResolver.cpp, line 773]
Event: 0.900 Thread 0x000001baa733e280 Exception <a 'sun/nio/fs/WindowsException'{0x000000008b9f47f8}> (0x000000008b9f47f8) 
thrown [s\src\hotspot\share\prims\jni.cpp, line 520]
Event: 0.900 Thread 0x000001baa733e280 Exception <a 'sun/nio/fs/WindowsException'{0x000000008b9f4bb8}> (0x000000008b9f4bb8) 
thrown [s\src\hotspot\share\prims\jni.cpp, line 520]
Event: 0.914 Thread 0x000001baa733e280 Exception <a 'sun/nio/fs/WindowsException'{0x000000008b9fe7e8}> (0x000000008b9fe7e8) 
thrown [s\src\hotspot\share\prims\jni.cpp, line 520]
Event: 0.915 Thread 0x000001baa733e280 Exception <a 'sun/nio/fs/WindowsException'{0x000000008b9feae8}> (0x000000008b9feae8) 
thrown [s\src\hotspot\share\prims\jni.cpp, line 520]

ZGC Phase Switch (0 events):
No events

VM Operations (8 events):
Event: 0.153 Executing non-safepoint VM operation: HandshakeAllThreads (Deoptimize)
Event: 0.153 Executing non-safepoint VM operation: HandshakeAllThreads (Deoptimize) done
Event: 1.154 Executing safepoint VM operation: Cleanup
Event: 1.154 Executing safepoint VM operation: Cleanup done
Event: 2.163 Executing safepoint VM operation: Cleanup
Event: 2.163 Executing safepoint VM operation: Cleanup done
Event: 185.764 Executing safepoint VM operation: G1CollectForAllocation (G1 Evacuation Pause)
Event: 185.869 Executing safepoint VM operation: G1CollectForAllocation (G1 Evacuation Pause) done

Memory protections (0 events):
No events

Nmethod flushes (0 events):
No events

Events (12 events):
Event: 0.063 Thread 0x000001baa733e280 Thread added: 0x000001baa733e280
Event: 0.093 Thread 0x000001baa733e280 Thread added: 0x000001bac465e620
Event: 0.094 Thread 0x000001baa733e280 Thread added: 0x000001bac4661350
Event: 0.094 Thread 0x000001baa733e280 Thread added: 0x000001bac4667250
Event: 0.094 Thread 0x000001baa733e280 Thread added: 0x000001bac4668490
Event: 0.094 Thread 0x000001baa733e280 Thread added: 0x000001bac4668fe0
Event: 0.095 Thread 0x000001baa733e280 Thread added: 0x000001bac466bb40
Event: 0.095 Thread 0x000001baa733e280 Thread added: 0x000001bac466e8f0
Event: 0.095 Thread 0x000001baa733e280 Thread added: 0x000001bac46794e0
Event: 0.190 Thread 0x000001baa733e280 Thread added: 0x000001bac482cb70
Event: 0.252 Thread 0x000001baa733e280 Thread added: 0x000001bac48c8850
Event: 0.253 Thread 0x000001baa733e280 Thread added: 0x000001bac4923010


Dynamic libraries:
0x00007ff6685c0000 - 0x00007ff6685ce000 	C:\Users\ep4039855\.jdks\ms-21.0.10\bin\java.exe
0x00007ff849950000 - 0x00007ff849b68000 	C:\WINDOWS\SYSTEM32\ntdll.dll
0x00007ff8481b0000 - 0x00007ff848274000 	C:\WINDOWS\System32\KERNEL32.DLL
0x00007ff846e80000 - 0x00007ff847247000 	C:\WINDOWS\System32\KERNELBASE.dll
0x00007ff846ab0000 - 0x00007ff846bc1000 	C:\WINDOWS\System32\ucrtbase.dll
0x00007ff842740000 - 0x00007ff84275e000 	C:\Users\ep4039855\.jdks\ms-21.0.10\bin\VCRUNTIME140.dll
0x00007ff83e400000 - 0x00007ff83e418000 	C:\Users\ep4039855\.jdks\ms-21.0.10\bin\jli.dll
0x00007ff847e80000 - 0x00007ff848031000 	C:\WINDOWS\System32\USER32.dll
0x00007ff846a80000 - 0x00007ff846aa6000 	C:\WINDOWS\System32\win32u.dll
0x00007ff827310000 - 0x00007ff8275ac000 	C:\WINDOWS\WinSxS\amd64_microsoft.windows.common-controls_6595b64144ccf1df_6.0.22621.6060_none_2712eda17382d24b\COMCTL32.dll
0x00007ff8494e0000 - 0x00007ff849587000 	C:\WINDOWS\System32\msvcrt.dll
0x00007ff847c20000 - 0x00007ff847c49000 	C:\WINDOWS\System32\GDI32.dll
0x00007ff847370000 - 0x00007ff84748b000 	C:\WINDOWS\System32\gdi32full.dll
0x00007ff8472d0000 - 0x00007ff84736a000 	C:\WINDOWS\System32\msvcp_win.dll
0x00007ff8496e0000 - 0x00007ff849711000 	C:\WINDOWS\System32\IMM32.DLL
0x000001baa5a20000 - 0x000001baa5a36000 	C:\WINDOWS\System32\umppc20505.dll
0x00007ff842f70000 - 0x00007ff842f7c000 	C:\Users\ep4039855\.jdks\ms-21.0.10\bin\vcruntime140_1.dll
0x00007ff83e1b0000 - 0x00007ff83e239000 	C:\Users\ep4039855\.jdks\ms-21.0.10\bin\msvcp140.dll
0x00007fffda3c0000 - 0x00007fffdb16d000 	C:\Users\ep4039855\.jdks\ms-21.0.10\bin\server\jvm.dll
0x00007ff849850000 - 0x00007ff849901000 	C:\WINDOWS\System32\ADVAPI32.dll
0x00007ff849720000 - 0x00007ff8497c8000 	C:\WINDOWS\System32\sechost.dll
0x00007ff846dd0000 - 0x00007ff846df8000 	C:\WINDOWS\System32\bcrypt.dll
0x00007ff847c50000 - 0x00007ff847d68000 	C:\WINDOWS\System32\RPCRT4.dll
0x00007ff8497d0000 - 0x00007ff849841000 	C:\WINDOWS\System32\WS2_32.dll
0x00007ff8468a0000 - 0x00007ff8468ed000 	C:\WINDOWS\SYSTEM32\POWRPROF.dll
0x00007ff83a8e0000 - 0x00007ff83a914000 	C:\WINDOWS\SYSTEM32\WINMM.dll
0x00007ff83c7b0000 - 0x00007ff83c7ba000 	C:\WINDOWS\SYSTEM32\VERSION.dll
0x00007ff846780000 - 0x00007ff846793000 	C:\WINDOWS\SYSTEM32\UMPDC.dll
0x00007ff845960000 - 0x00007ff845978000 	C:\WINDOWS\SYSTEM32\kernel.appcore.dll
0x00007ff83e300000 - 0x00007ff83e30a000 	C:\Users\ep4039855\.jdks\ms-21.0.10\bin\jimage.dll
0x00007ff844020000 - 0x00007ff844253000 	C:\WINDOWS\SYSTEM32\DBGHELP.DLL
0x00007ff848790000 - 0x00007ff848b21000 	C:\WINDOWS\System32\combase.dll
0x00007ff849590000 - 0x00007ff849668000 	C:\WINDOWS\System32\OLEAUT32.dll
0x00007ff8329e0000 - 0x00007ff832a12000 	C:\WINDOWS\SYSTEM32\dbgcore.DLL
0x00007ff846e00000 - 0x00007ff846e7b000 	C:\WINDOWS\System32\bcryptPrimitives.dll
0x00007ff83e290000 - 0x00007ff83e2a0000 	C:\Users\ep4039855\.jdks\ms-21.0.10\bin\instrument.dll
0x00007ff83e260000 - 0x00007ff83e281000 	C:\Users\ep4039855\.jdks\ms-21.0.10\bin\java.dll
0x00007ff848b30000 - 0x00007ff8493ce000 	C:\WINDOWS\System32\SHELL32.dll
0x00007ff846bd0000 - 0x00007ff846d0f000 	C:\WINDOWS\System32\wintypes.dll
0x00007ff844640000 - 0x00007ff844f52000 	C:\WINDOWS\SYSTEM32\windows.storage.dll
0x00007ff8493d0000 - 0x00007ff8494d4000 	C:\WINDOWS\System32\SHCORE.dll
0x00007ff849670000 - 0x00007ff8496d9000 	C:\WINDOWS\System32\shlwapi.dll
0x00007ff8469b0000 - 0x00007ff8469d5000 	C:\WINDOWS\SYSTEM32\profapi.dll
0x00007ff824e00000 - 0x00007ff824ed6000 	C:\Users\ep4039855\.jdks\ms-21.0.10\bin\jsvml.dll
0x00007ff83b6e0000 - 0x00007ff83b6f8000 	C:\Users\ep4039855\.jdks\ms-21.0.10\bin\zip.dll
0x00007ff83ad10000 - 0x00007ff83ad21000 	C:\Users\ep4039855\.jdks\ms-21.0.10\bin\net.dll
0x00007ff845980000 - 0x00007ff845aac000 	C:\WINDOWS\SYSTEM32\WINHTTP.dll
0x00007ff845f40000 - 0x00007ff845fa9000 	C:\WINDOWS\system32\mswsock.dll
0x00007ff83acf0000 - 0x00007ff83ad06000 	C:\Users\ep4039855\.jdks\ms-21.0.10\bin\nio.dll
0x00007ff83b680000 - 0x00007ff83b689000 	C:\Users\ep4039855\.jdks\ms-21.0.10\bin\extnet.dll
0x00007ff831860000 - 0x00007ff8318e4000 	C:\Users\ep4039855\AppData\Local\Temp\lwjgl_ep4039855\3.4.1+2\x64\lwjgl.dll
0x00007ff824d20000 - 0x00007ff824daa000 	C:\Users\EP4039~1\AppData\Local\Temp\lwjgl_ep4039855\3.4.1+2\x64\glfw.dll
0x00007ff831940000 - 0x00007ff831986000 	C:\WINDOWS\SYSTEM32\dinput8.dll
0x00007ff832720000 - 0x00007ff832731000 	C:\WINDOWS\SYSTEM32\xinput1_4.dll
0x00007ff8466f0000 - 0x00007ff84673e000 	C:\WINDOWS\SYSTEM32\cfgmgr32.dll
0x00007ff8466c0000 - 0x00007ff8466ec000 	C:\WINDOWS\SYSTEM32\DEVOBJ.dll
0x00007ff843a90000 - 0x00007ff843abd000 	C:\WINDOWS\SYSTEM32\dwmapi.dll
0x00007ff82d620000 - 0x00007ff82d835000 	C:\WINDOWS\SYSTEM32\inputhost.dll
0x00007ff842de0000 - 0x00007ff842f13000 	C:\WINDOWS\SYSTEM32\CoreMessaging.dll
0x00007ff843810000 - 0x00007ff8438c3000 	C:\WINDOWS\system32\uxtheme.dll
0x00007ff8461c0000 - 0x00007ff8461cc000 	C:\WINDOWS\SYSTEM32\CRYPTBASE.DLL
0x00007ff8477c0000 - 0x00007ff847920000 	C:\WINDOWS\System32\MSCTF.dll
0x00007ffffefe0000 - 0x00007fffff0e0000 	C:\WINDOWS\SYSTEM32\opengl32.dll
0x00007ffffef70000 - 0x00007ffffef9d000 	C:\WINDOWS\SYSTEM32\GLU32.dll
0x00007ff843a30000 - 0x00007ff843a67000 	C:\WINDOWS\SYSTEM32\dxcore.dll
0x00007ff83e0d0000 - 0x00007ff83e119000 	C:\WINDOWS\SYSTEM32\directxdatabasehelper.dll
0x00007ff847b70000 - 0x00007ff847c20000 	C:\WINDOWS\System32\clbcatq.dll
0x00007fffc37d0000 - 0x00007fffc4d22000 	C:\WINDOWS\System32\DriverStore\FileRepository\iigd_dch.inf_amd64_37c3eb79f329417d\igxelpicd64.dll
0x00007ff847990000 - 0x00007ff847b30000 	C:\WINDOWS\System32\ole32.dll
0x00007ff843930000 - 0x00007ff843a27000 	C:\WINDOWS\SYSTEM32\dxgi.dll
0x00007ff831820000 - 0x00007ff831846000 	C:\WINDOWS\SYSTEM32\d3d12.dll
0x00007ff81a040000 - 0x00007ff81a1e1000 	C:\WINDOWS\System32\DriverStore\FileRepository\iigd_dch.inf_amd64_37c3eb79f329417d\igdml64.dll
0x00007ff838500000 - 0x00007ff838aab000 	C:\WINDOWS\System32\DriverStore\FileRepository\iigd_dch.inf_amd64_37c3eb79f329417d\igdgmm64.dll
0x00007ff8330f0000 - 0x00007ff8383a4000 	C:\WINDOWS\System32\DriverStore\FileRepository\iigd_dch.inf_amd64_37c3eb79f329417d\igc64.dll
0x00007ff82d4d0000 - 0x00007ff82d614000 	C:\WINDOWS\SYSTEM32\textinputframework.dll
0x00007ff83d8f0000 - 0x00007ff83dc5c000 	C:\WINDOWS\SYSTEM32\CoreUIComponents.dll
0x00007ff824cc0000 - 0x00007ff824d1c000 	C:\Users\ep4039855\AppData\Local\Temp\lwjgl_ep4039855\3.4.1+2\x64\lwjgl_opengl.dll

JVMTI agents:
C:\Users\ep4039855\OneDrive - cpsb.org\Documents\ideaIC-2024.3.5.win\lib\idea_rt.jar path:C:\Users\ep4039855\.jdks\ms-21.0.10\bin\instrument.dll, loaded, initialized, instrumentlib options:56432

dbghelp: loaded successfully - version: 4.0.5 - missing functions: none
symbol engine: initialized successfully - sym options: 0x614 - pdb path: .;C:\Users\ep4039855\.jdks\ms-21.0.10\bin;C:\WINDOWS\SYSTEM32;C:\WINDOWS\WinSxS\amd64_microsoft.windows.common-controls_6595b64144ccf1df_6.0.22621.6060_none_2712eda17382d24b;C:\Users\ep4039855\.jdks\ms-21.0.10\bin\server;C:\Users\ep4039855\AppData\Local\Temp\lwjgl_ep4039855\3.4.1+2\x64;C:\Users\EP4039~1\AppData\Local\Temp\lwjgl_ep4039855\3.4.1+2\x64;C:\WINDOWS\System32\DriverStore\FileRepository\iigd_dch.inf_amd64_37c3eb79f329417d

VM Arguments:
jvm_args: -javaagent:C:\Users\ep4039855\OneDrive - cpsb.org\Documents\ideaIC-2024.3.5.win\lib\idea_rt.jar=56432 -Dfile.encoding=UTF-8 -Dsun.stdout.encoding=UTF-8 -Dsun.stderr.encoding=UTF-8 
java_command: Main
java_class_path (initial): C:\Users\ep4039855\Code!\Egg2d\untitled\target\classes;C:\Users\ep4039855\.m2\repository\org\lwjgl\lwjgl\3.4.1\lwjgl-3.4.1.jar;C:\Users\ep4039855\.m2\repository\org\lwjgl\lwjgl-assimp\3.4.1\lwjgl-assimp-3.4.1.jar;C:\Users\ep4039855\.m2\repository\org\lwjgl\lwjgl-glfw\3.4.1\lwjgl-glfw-3.4.1.jar;C:\Users\ep4039855\.m2\repository\org\lwjgl\lwjgl-openal\3.4.1\lwjgl-openal-3.4.1.jar;C:\Users\ep4039855\.m2\repository\org\lwjgl\lwjgl-opengl\3.4.1\lwjgl-opengl-3.4.1.jar;C:\Users\ep4039855\.m2\repository\org\lwjgl\lwjgl-stb\3.4.1\lwjgl-stb-3.4.1.jar;C:\Users\ep4039855\.m2\repository\org\lwjgl\lwjgl\3.4.1\lwjgl-3.4.1-natives-windows.jar;C:\Users\ep4039855\.m2\repository\org\lwjgl\lwjgl-assimp\3.4.1\lwjgl-assimp-3.4.1-natives-windows.jar;C:\Users\ep4039855\.m2\repository\org\lwjgl\lwjgl-glfw\3.4.1\lwjgl-glfw-3.4.1-natives-windows.jar;C:\Users\ep4039855\.m2\repository\org\lwjgl\lwjgl-openal\3.4.1\lwjgl-openal-3.4.1-natives-windows.jar;C:\Users\ep4039855\.m2\repository\org\lwjgl\lwjgl-opengl\3.4.1\lwjgl-opengl-3.4.1-natives-windows.jar;C:\Users\ep4039855\.m2\repository\org\lwjgl\lwjgl-stb\3.4.1\lwjgl-stb-3.4.1-natives-windows.jar
Launcher Type: SUN_STANDARD

[Global flags]
     intx CICompilerCount                          = 4                                         {product} {ergonomic}
     uint ConcGCThreads                            = 2                                         {product} {ergonomic}
     uint G1ConcRefinementThreads                  = 8                                         {product} {ergonomic}
   size_t G1HeapRegionSize                         = 1048576                                   {product} {ergonomic}
    uintx GCDrainStackTargetSize                   = 64                                        {product} {ergonomic}
   size_t InitialHeapSize                          = 130023424                                 {product} {ergonomic}
   size_t MarkStackSize                            = 4194304                                   {product} {ergonomic}
   size_t MaxHeapSize                              = 2076180480                                {product} {ergonomic}
   size_t MaxNewSize                               = 1245708288                                {product} {ergonomic}
   size_t MinHeapDeltaBytes                        = 1048576                                   {product} {ergonomic}
   size_t MinHeapSize                              = 8388608                                   {product} {ergonomic}
    uintx NonNMethodCodeHeapSize                   = 5839372                                {pd product} {ergonomic}
    uintx NonProfiledCodeHeapSize                  = 122909434                              {pd product} {ergonomic}
    uintx ProfiledCodeHeapSize                     = 122909434                              {pd product} {ergonomic}
    uintx ReservedCodeCacheSize                    = 251658240                              {pd product} {ergonomic}
     bool SegmentedCodeCache                       = true                                      {product} {ergonomic}
   size_t SoftMaxHeapSize                          = 2076180480                             {manageable} {ergonomic}
     bool UseCompressedOops                        = true                           {product lp64_product} {ergonomic}
     bool UseG1GC                                  = true                                      {product} {ergonomic}
     bool UseLargePagesIndividualAllocation        = false                                  {pd product} {ergonomic}

Logging:
Log output configuration:
 #0: stdout all=warning uptime,level,tags foldmultilines=false
 #1: stderr all=off uptime,level,tags foldmultilines=false

Release file:
IMPLEMENTOR="Microsoft" 
IMPLEMENTOR_VERSION="Microsoft-13106404" 
JAVA_RUNTIME_VERSION="21.0.10+7-LTS" 
JAVA_VERSION="21.0.10" 
JAVA_VERSION_DATE="2026-01-20" 
LIBC="default" 
MODULES="java.base java.compiler java.datatransfer java.xml java.prefs java.desktop java.instrument java.logging java.management java.security.sasl java.naming java.rmi java.management.rmi java.net.http java.scripting java.security.jgss java.transaction.xa java.sql java.sql.rowset java.xml.crypto java.se java.smartcardio jdk.accessibility jdk.internal.jvmstat jdk.attach jdk.charsets jdk.internal.opt jdk.zipfs jdk.compiler jdk.crypto.ec jdk.crypto.cryptoki jdk.crypto.mscapi jdk.dynalink jdk.internal.ed jdk.editpad jdk.hotspot.agent jdk.httpserver jdk.incubator.vector jdk.internal.le jdk.internal.vm.ci jdk.internal.vm.compiler jdk.internal.vm.compiler.management jdk.jartool jdk.javadoc jdk.jcmd jdk.management jdk.management.agent jdk.jconsole jdk.jdeps jdk.jdwp.agent jdk.jdi jdk.jfr jdk.jlink jdk.jpackage jdk.jshell jdk.jsobject jdk.jstatd jdk.localedata jdk.management.jfr jdk.naming.dns jdk.naming.rmi jdk.net jdk.nio.mapmode jdk.random jdk.sctp jdk.security.auth jdk.security.jgss jdk.unsupported jdk.unsupported.desktop jdk.xml.dom" 
OS_ARCH="x86_64" 
OS_NAME="Windows" 
SOURCE=".:git:e69b6ef7382e" 

core.managment.Environment Variables:
PATH=C:\WINDOWS\system32;C:\WINDOWS;C:\WINDOWS\System32\Wbem;C:\WINDOWS\System32\WindowsPowerShell\v1.0\;C:\WINDOWS\System32\OpenSSH\;C:\Program Files\dotnet\;C:\Users\ep4039855\AppData\Local\Microsoft\WindowsApps;C:\Users\ep4039855\AppData\Local\Programs\Microsoft VS Code\bin;C:\Users\ep4039855\AppData\Local\GitHubDesktop\bin
USERNAME=ep4039855
OS=Windows_NT
PROCESSOR_IDENTIFIER=Intel64 Family 6 Model 140 Stepping 1, GenuineIntel
TMP=C:\Users\EP4039~1\AppData\Local\Temp
TEMP=C:\Users\EP4039~1\AppData\Local\Temp




Periodic native trim disabled

---------------  S Y S T E M  ---------------

OS:
 Windows 11 , 64 bit Build 22621 (10.0.22621.6491)
OS uptime: 15 days 19:23 hours
Hyper-V role detected

CPU: total 8 (initial active 8) (4 cores per cpu, 2 threads per core) family 6 model 140 stepping 1 microcode 0xbe, cx8, cmov, fxsr, ht, mmx, 3dnowpref, sse, sse2, sse3, ssse3, sse4.1, sse4.2, popcnt, lzcnt, tsc, tscinvbit, avx, avx2, aes, erms, clmul, bmi1, bmi2, adx, avx512f, avx512dq, avx512cd, avx512bw, avx512vl, sha, fma, vzeroupper, avx512_vpopcntdq, avx512_vpclmulqdq, avx512_vaes, avx512_vnni, clflush, clflushopt, clwb, avx512_vbmi2, avx512_vbmi, hv, rdtscp, rdpid, fsrm, gfni, avx512_bitalg, f16c, cet_ibt, cet_ss, avx512_ifma
Processor Information for processor 0
  Max Mhz: 1997, Current Mhz: 1198, Mhz Limit: 1997
Processor Information for processor 1
  Max Mhz: 1997, Current Mhz: 1997, Mhz Limit: 1997
Processor Information for processor 2
  Max Mhz: 1997, Current Mhz: 1198, Mhz Limit: 1997
Processor Information for processor 3
  Max Mhz: 1997, Current Mhz: 1997, Mhz Limit: 1997
Processor Information for processor 4
  Max Mhz: 1997, Current Mhz: 1997, Mhz Limit: 1997
Processor Information for processor 5
  Max Mhz: 1997, Current Mhz: 1997, Mhz Limit: 1997
Processor Information for processor 6
  Max Mhz: 1997, Current Mhz: 1198, Mhz Limit: 1997
Processor Information for processor 7
  Max Mhz: 1997, Current Mhz: 1997, Mhz Limit: 1997

Memory: 4k page, system-wide physical 7918M (406M free)
TotalPageFile size 32494M (AvailPageFile size 306M)
current process WorkingSet (physical memory assigned to process): 1972M, peak: 2833M
current process commit charge ("private bytes"): 17040M, peak: 17040M

vm_info: OpenJDK 64-Bit Server VM (21.0.10+7-LTS) for windows-amd64 JRE (21.0.10+7-LTS), built on 2026-01-15T18:39:42Z by "MicrosoftCorporation" with MS VC++ 17.14 (VS2022)

END.
